date,cases,temperature,humidity,mobility,lag_1,lag_3,lag_7,lag_14,rollmean_3,rollmean_7,rollmean_14,next_max7,outbreak_7d
2020-01-15,28,-4.38,50.87,103.95,27.0,36.0,40.0,37.0,34.0,36.285714285714285,37.5,41.0,1
2020-01-16,35,-5.87,53.15,109.63,28.0,39.0,36.0,37.0,31.333333333333332,34.57142857142857,36.857142857142854,41.0,1
2020-01-17,34,-4.77,52.13,113.64,35.0,27.0,40.0,40.0,30.0,34.42857142857143,36.714285714285715,41.0,1
2020-01-18,39,-5.89,53.07,109.09,34.0,28.0,36.0,41.0,32.333333333333336,33.57142857142857,36.285714285714285,41.0,1
2020-01-19,34,-5.7,51.24,106.38,39.0,35.0,36.0,36.0,36.0,34.0,36.142857142857146,41.0,1
2020-01-20,32,-6.63,52.04,107.58,34.0,34.0,39.0,36.0,35.666666666666664,33.714285714285715,36.0,41.0,1
2020-01-21,41,-6.03,53.91,102.54,32.0,39.0,27.0,44.0,35.0,32.714285714285715,35.714285714285715,39.0,1
2020-01-22,37,-6.51,52.4,109.91,41.0,34.0,28.0,40.0,35.666666666666664,34.714285714285715,35.5,39.0,1
2020-01-23,38,-6.03,55.68,110.98,37.0,32.0,35.0,36.0,36.666666666666664,36.0,35.285714285714285,39.0,1
2020-01-24,32,-3.56,52.61,105.59,38.0,41.0,34.0,40.0,38.666666666666664,36.42857142857143,35.42857142857143,39.0,1
2020-01-25,35,-5.92,53.67,105.46,32.0,37.0,39.0,36.0,35.666666666666664,36.142857142857146,34.857142857142854,44.0,1
2020-01-26,38,-1.57,54.86,108.35,35.0,38.0,34.0,36.0,35.0,35.57142857142857,34.785714285714285,44.0,1
2020-01-27,33,-4.09,51.46,105.48,38.0,32.0,32.0,39.0,35.0,36.142857142857146,34.92857142857143,44.0,1
2020-01-28,39,-4.4,51.07,106.9,33.0,35.0,41.0,27.0,35.333333333333336,36.285714285714285,34.5,44.0,1
2020-01-29,35,-5.6,51.54,115.5,39.0,38.0,37.0,28.0,36.666666666666664,36.0,35.357142857142854,44.0,1
2020-01-30,36,-3.66,55.84,106.05,35.0,33.0,38.0,35.0,35.666666666666664,35.714285714285715,35.857142857142854,44.0,1
2020-01-31,35,-5.13,53.24,105.54,36.0,39.0,32.0,34.0,36.666666666666664,35.42857142857143,35.92857142857143,44.0,1
2020-02-01,44,-4.22,58.02,104.31,35.0,35.0,35.0,39.0,35.333333333333336,35.857142857142854,36.0,40.0,1
2020-02-02,37,-1.21,53.46,109.81,44.0,36.0,38.0,34.0,38.333333333333336,37.142857142857146,36.357142857142854,40.0,1
2020-02-03,33,-4.32,54.7,106.04,37.0,35.0,33.0,32.0,38.666666666666664,37.0,36.57142857142857,40.0,1
2020-02-04,40,-2.74,56.85,104.09,33.0,44.0,39.0,41.0,38.0,37.0,36.642857142857146,37.0,1
2020-02-05,32,-4.87,57.66,111.9,40.0,37.0,35.0,37.0,36.666666666666664,37.142857142857146,36.57142857142857,37.0,1
2020-02-06,37,-3.98,57.85,112.21,32.0,33.0,36.0,38.0,35.0,36.714285714285715,36.214285714285715,37.0,1
2020-02-07,29,-1.71,56.68,104.05,37.0,40.0,35.0,32.0,36.333333333333336,36.857142857142854,36.142857142857146,37.0,1
2020-02-08,29,-4.49,56.51,98.9,29.0,32.0,44.0,35.0,32.666666666666664,36.0,35.92857142857143,37.0,1
2020-02-09,37,-1.46,55.97,110.32,29.0,37.0,37.0,38.0,31.666666666666668,33.857142857142854,35.5,37.0,1
2020-02-10,37,-2.67,56.36,103.46,37.0,29.0,33.0,33.0,31.666666666666668,33.857142857142854,35.42857142857143,37.0,1
2020-02-11,37,-4.08,54.47,109.27,37.0,29.0,40.0,39.0,34.333333333333336,34.42857142857143,35.714285714285715,37.0,1
2020-02-12,33,-2.53,54.17,98.14,37.0,37.0,32.0,35.0,37.0,34.0,35.57142857142857,37.0,1
2020-02-13,35,-2.0,55.49,109.5,33.0,37.0,37.0,36.0,35.666666666666664,34.142857142857146,35.42857142857143,37.0,1
2020-02-14,27,-2.3,55.34,100.99,35.0,37.0,29.0,35.0,35.0,33.857142857142854,35.357142857142854,37.0,1
2020-02-15,33,-4.8,55.01,108.66,27.0,33.0,29.0,44.0,31.666666666666668,33.57142857142857,34.785714285714285,37.0,1
2020-02-16,34,-3.65,56.83,105.7,33.0,35.0,37.0,37.0,31.666666666666668,34.142857142857146,34.0,37.0,1
2020-02-17,37,-2.94,57.32,101.73,34.0,27.0,37.0,33.0,31.333333333333332,33.714285714285715,33.785714285714285,38.0,1
2020-02-18,34,-2.59,56.11,103.82,37.0,33.0,37.0,40.0,34.666666666666664,33.714285714285715,34.07142857142857,38.0,1
2020-02-19,28,-1.61,58.28,108.09,34.0,34.0,33.0,32.0,35.0,33.285714285714285,33.642857142857146,38.0,1
2020-02-20,36,-2.0,54.44,105.66,28.0,37.0,35.0,37.0,33.0,32.57142857142857,33.357142857142854,38.0,1
2020-02-21,33,-3.66,55.95,107.47,36.0,34.0,27.0,29.0,32.666666666666664,32.714285714285715,33.285714285714285,38.0,1
2020-02-22,32,-1.45,55.25,112.94,33.0,28.0,33.0,29.0,32.333333333333336,33.57142857142857,33.57142857142857,38.0,1
2020-02-23,34,-1.01,53.61,98.67,32.0,36.0,34.0,37.0,33.666666666666664,33.42857142857143,33.785714285714285,38.0,1
2020-02-24,38,-0.91,56.37,111.28,34.0,33.0,37.0,37.0,33.0,33.42857142857143,33.57142857142857,38.0,1
2020-02-25,38,-0.12,56.39,105.12,38.0,32.0,34.0,37.0,34.666666666666664,33.57142857142857,33.642857142857146,37.0,1
2020-02-26,28,-0.25,58.92,101.0,38.0,34.0,28.0,33.0,36.666666666666664,34.142857142857146,33.714285714285715,37.0,1
2020-02-27,30,-0.52,57.67,99.16,28.0,38.0,36.0,35.0,34.666666666666664,34.142857142857146,33.357142857142854,37.0,1
2020-02-28,32,-0.98,55.26,103.61,30.0,38.0,33.0,27.0,32.0,33.285714285714285,33.0,38.0,1
2020-02-29,37,-2.71,59.65,107.93,32.0,28.0,32.0,33.0,30.0,33.142857142857146,33.357142857142854,38.0,1
2020-03-01,29,-0.02,58.77,103.62,37.0,30.0,34.0,34.0,33.0,33.857142857142854,33.642857142857146,38.0,1
2020-03-02,32,-0.1,57.88,110.05,29.0,32.0,38.0,37.0,32.666666666666664,33.142857142857146,33.285714285714285,38.0,1
2020-03-03,26,0.16,56.73,98.09,32.0,37.0,38.0,34.0,32.666666666666664,32.285714285714285,32.92857142857143,38.0,1
2020-03-04,25,-1.5,55.7,103.72,26.0,29.0,28.0,28.0,29.0,30.571428571428573,32.357142857142854,38.0,1
2020-03-05,33,-1.08,56.64,98.64,25.0,32.0,30.0,36.0,27.666666666666668,30.142857142857142,32.142857142857146,38.0,1
2020-03-06,38,1.68,58.89,104.98,33.0,26.0,32.0,33.0,28.0,30.571428571428573,31.928571428571427,37.0,1
2020-03-07,32,0.57,60.14,106.95,38.0,25.0,37.0,32.0,32.0,31.428571428571427,32.285714285714285,37.0,1
2020-03-08,33,1.64,59.68,101.59,32.0,33.0,29.0,34.0,34.333333333333336,30.714285714285715,32.285714285714285,37.0,1
2020-03-09,31,1.06,56.69,92.73,33.0,38.0,32.0,38.0,34.333333333333336,31.285714285714285,32.214285714285715,37.0,1
2020-03-10,26,1.27,55.79,103.82,31.0,32.0,26.0,38.0,32.0,31.142857142857142,31.714285714285715,37.0,1
2020-03-11,33,2.57,57.73,104.64,26.0,33.0,25.0,28.0,30.0,31.142857142857142,30.857142857142858,37.0,1
2020-03-12,37,1.04,54.91,104.38,33.0,31.0,33.0,30.0,30.0,32.285714285714285,31.214285714285715,34.0,0
2020-03-13,31,1.99,58.09,107.58,37.0,26.0,38.0,32.0,32.0,32.857142857142854,31.714285714285715,34.0,0
2020-03-14,34,1.54,57.43,98.22,31.0,33.0,32.0,37.0,33.666666666666664,31.857142857142858,31.642857142857142,34.0,0
2020-03-15,20,1.79,56.99,105.09,34.0,37.0,33.0,29.0,34.0,32.142857142857146,31.428571428571427,34.0,0
2020-03-16,34,2.17,55.33,107.01,20.0,31.0,31.0,32.0,28.333333333333332,30.285714285714285,30.785714285714285,32.0,0
2020-03-17,28,3.03,58.53,94.99,34.0,34.0,26.0,26.0,29.333333333333332,30.714285714285715,30.928571428571427,32.0,0
2020-03-18,26,2.42,56.99,103.25,28.0,20.0,33.0,25.0,27.333333333333332,31.0,31.071428571428573,32.0,0
2020-03-19,27,4.73,56.07,99.83,26.0,34.0,37.0,33.0,29.333333333333332,30.0,31.142857142857142,32.0,0
2020-03-20,19,2.38,53.54,101.38,27.0,28.0,31.0,38.0,27.0,28.571428571428573,30.714285714285715,32.0,0
2020-03-21,26,3.46,57.83,102.96,19.0,26.0,34.0,32.0,24.0,26.857142857142858,29.357142857142858,32.0,0
2020-03-22,28,3.39,60.56,99.49,26.0,27.0,20.0,33.0,24.0,25.714285714285715,28.928571428571427,32.0,0
2020-03-23,32,5.89,60.41,98.6,28.0,19.0,34.0,31.0,24.333333333333332,26.857142857142858,28.571428571428573,29.0,0
2020-03-24,24,4.63,57.25,101.3,32.0,26.0,28.0,26.0,28.666666666666668,26.571428571428573,28.642857142857142,29.0,0
2020-03-25,22,5.87,57.05,96.68,24.0,28.0,26.0,33.0,28.0,26.0,28.5,29.0,0
2020-03-26,23,3.09,58.67,96.55,22.0,32.0,27.0,37.0,26.0,25.428571428571427,27.714285714285715,29.0,0
2020-03-27,29,5.44,56.48,103.47,23.0,24.0,19.0,31.0,23.0,24.857142857142858,26.714285714285715,28.0,0
2020-03-28,26,6.43,58.44,96.02,29.0,22.0,26.0,34.0,24.666666666666668,26.285714285714285,26.571428571428573,28.0,0
2020-03-29,23,5.71,59.14,103.15,26.0,23.0,28.0,20.0,26.0,26.285714285714285,26.0,28.0,0
2020-03-30,27,7.14,59.84,102.19,23.0,29.0,32.0,34.0,26.0,25.571428571428573,26.214285714285715,28.0,0
2020-03-31,25,5.49,57.85,93.3,27.0,26.0,24.0,28.0,25.333333333333332,24.857142857142858,25.714285714285715,28.0,0
2020-04-01,28,8.05,57.69,97.36,25.0,23.0,22.0,26.0,25.0,25.0,25.5,24.0,0
2020-04-02,23,9.37,56.68,104.71,28.0,27.0,23.0,27.0,26.666666666666668,25.857142857142858,25.642857142857142,24.0,0
2020-04-03,22,6.42,56.75,95.87,23.0,25.0,29.0,19.0,25.333333333333332,25.857142857142858,25.357142857142858,24.0,0
2020-04-04,22,6.58,57.64,97.8,22.0,28.0,26.0,26.0,24.333333333333332,24.857142857142858,25.571428571428573,24.0,0
2020-04-05,17,9.11,58.52,101.37,22.0,23.0,23.0,28.0,22.333333333333332,24.285714285714285,25.285714285714285,24.0,0
2020-04-06,24,9.52,59.33,102.51,17.0,22.0,27.0,32.0,20.333333333333332,23.428571428571427,24.5,24.0,0
2020-04-07,24,7.25,56.74,98.24,24.0,22.0,25.0,24.0,21.0,23.0,23.928571428571427,24.0,0
2020-04-08,22,7.63,60.17,96.72,24.0,17.0,28.0,22.0,21.666666666666668,22.857142857142858,23.928571428571427,24.0,0
2020-04-09,24,8.05,57.5,104.66,22.0,24.0,23.0,23.0,23.333333333333332,22.0,23.928571428571427,28.0,0
2020-04-10,19,7.03,57.86,105.79,24.0,24.0,22.0,29.0,23.333333333333332,22.142857142857142,24.0,28.0,0
2020-04-11,20,7.8,56.74,102.61,19.0,22.0,22.0,26.0,21.666666666666668,21.714285714285715,23.285714285714285,28.0,0
2020-04-12,20,7.96,54.2,98.9,20.0,24.0,17.0,23.0,21.0,21.428571428571427,22.857142857142858,28.0,0
2020-04-13,18,8.5,59.13,95.19,20.0,19.0,24.0,27.0,19.666666666666668,21.857142857142858,22.642857142857142,28.0,0
2020-04-14,20,9.64,58.88,94.97,18.0,20.0,24.0,25.0,19.333333333333332,21.0,22.0,28.0,0
2020-04-15,22,10.22,57.32,100.25,20.0,20.0,22.0,28.0,19.333333333333332,20.428571428571427,21.642857142857142,28.0,0
2020-04-16,28,12.05,57.81,99.7,22.0,18.0,24.0,23.0,20.0,20.428571428571427,21.214285714285715,28.0,0
2020-04-17,21,9.25,58.44,103.5,28.0,20.0,19.0,22.0,23.333333333333332,21.0,21.571428571428573,28.0,0
2020-04-18,21,11.89,55.29,100.36,21.0,22.0,20.0,22.0,23.666666666666668,21.285714285714285,21.5,28.0,0
2020-04-19,19,10.71,56.79,91.61,21.0,28.0,20.0,17.0,23.333333333333332,21.428571428571427,21.428571428571427,28.0,0
2020-04-20,12,11.17,58.73,101.7,19.0,21.0,18.0,24.0,20.333333333333332,21.285714285714285,21.571428571428573,28.0,0
2020-04-21,19,12.29,55.61,93.37,12.0,21.0,20.0,24.0,17.333333333333332,20.428571428571427,20.714285714285715,28.0,0
2020-04-22,19,10.39,57.89,95.7,19.0,19.0,22.0,22.0,16.666666666666668,20.285714285714285,20.357142857142858,28.0,0
2020-04-23,28,12.45,55.36,98.11,19.0,12.0,28.0,24.0,16.666666666666668,19.857142857142858,20.142857142857142,22.0,0
2020-04-24,20,12.45,58.04,104.96,28.0,19.0,21.0,19.0,22.0,19.857142857142858,20.428571428571427,22.0,0
2020-04-25,22,13.1,57.23,109.29,20.0,19.0,21.0,20.0,22.333333333333332,19.714285714285715,20.5,22.0,0
2020-04-26,18,13.11,54.8,99.15,22.0,28.0,19.0,20.0,23.333333333333332,19.857142857142858,20.642857142857142,22.0,0
2020-04-27,13,15.96,58.91,95.87,18.0,20.0,12.0,18.0,20.0,19.714285714285715,20.5,22.0,0
2020-04-28,22,12.5,56.0,98.61,13.0,22.0,19.0,20.0,17.666666666666668,19.857142857142858,20.142857142857142,24.0,0
2020-04-29,20,12.88,55.82,99.9,22.0,18.0,19.0,22.0,17.666666666666668,20.285714285714285,20.285714285714285,24.0,0
2020-04-30,20,13.02,57.27,94.95,20.0,13.0,28.0,28.0,18.333333333333332,20.428571428571427,20.142857142857142,24.0,0
2020-05-01,13,13.35,58.63,103.29,20.0,22.0,20.0,21.0,20.666666666666668,19.285714285714285,19.571428571428573,24.0,0
2020-05-02,22,13.5,55.31,96.91,13.0,20.0,22.0,21.0,17.666666666666668,18.285714285714285,19.0,24.0,0
2020-05-03,10,15.94,56.85,97.86,22.0,20.0,18.0,19.0,18.333333333333332,18.285714285714285,19.071428571428573,24.0,0
2020-05-04,18,16.46,57.33,98.42,10.0,13.0,13.0,12.0,15.0,17.142857142857142,18.428571428571427,24.0,0
2020-05-05,24,14.32,57.65,97.32,18.0,22.0,22.0,19.0,16.666666666666668,17.857142857142858,18.857142857142858,15.0,0
2020-05-06,11,14.25,56.8,98.88,24.0,10.0,20.0,19.0,17.333333333333332,18.142857142857142,19.214285714285715,16.0,0
2020-05-07,13,16.05,55.9,92.94,11.0,18.0,20.0,28.0,17.666666666666668,16.857142857142858,18.642857142857142,16.0,0
2020-05-08,15,15.06,55.13,93.06,13.0,24.0,13.0,20.0,16.0,15.857142857142858,17.571428571428573,19.0,0
2020-05-09,13,16.72,56.41,90.79,15.0,11.0,22.0,22.0,13.0,16.142857142857142,17.214285714285715,19.0,0
2020-05-10,8,16.44,54.59,96.84,13.0,13.0,10.0,18.0,13.666666666666666,14.857142857142858,16.571428571428573,19.0,0
2020-05-11,14,14.61,51.73,98.09,8.0,15.0,18.0,13.0,12.0,14.571428571428571,15.857142857142858,19.0,0
2020-05-12,10,18.52,56.68,96.69,14.0,13.0,24.0,22.0,11.666666666666666,14.0,15.928571428571429,19.0,0
2020-05-13,16,19.05,57.29,101.46,10.0,8.0,11.0,20.0,10.666666666666666,12.0,15.071428571428571,19.0,0
2020-05-14,10,16.39,52.29,94.63,16.0,14.0,13.0,20.0,13.333333333333334,12.714285714285714,14.785714285714286,19.0,0
2020-05-15,19,16.89,54.23,97.23,10.0,10.0,15.0,13.0,12.0,12.285714285714286,14.071428571428571,17.0,0
2020-05-16,10,17.92,56.57,90.09,19.0,16.0,13.0,22.0,15.0,12.857142857142858,14.5,17.0,0
2020-05-17,11,18.2,58.63,92.81,10.0,10.0,8.0,10.0,13.0,12.428571428571429,13.642857142857142,17.0,0
2020-05-18,16,18.81,55.48,97.04,11.0,19.0,14.0,18.0,13.333333333333334,12.857142857142858,13.714285714285714,17.0,0
2020-05-19,7,20.64,54.25,97.56,16.0,10.0,10.0,24.0,12.333333333333334,13.142857142857142,13.571428571428571,17.0,0
2020-05-20,13,18.23,54.97,92.89,7.0,11.0,16.0,11.0,11.333333333333334,12.714285714285714,12.357142857142858,17.0,0
2020-05-21,17,17.7,57.2,93.69,13.0,16.0,10.0,13.0,12.0,12.285714285714286,12.5,14.0,0
2020-05-22,5,17.21,54.06,87.82,17.0,7.0,19.0,15.0,12.333333333333334,13.285714285714286,12.785714285714286,14.0,0
2020-05-23,12,18.2,53.72,92.37,5.0,13.0,10.0,13.0,11.666666666666666,11.285714285714286,12.071428571428571,14.0,0
2020-05-24,12,19.24,54.09,97.28,12.0,17.0,11.0,8.0,11.333333333333334,11.571428571428571,12.0,14.0,0
2020-05-25,14,21.64,53.27,95.93,12.0,5.0,16.0,14.0,9.666666666666666,11.714285714285714,12.285714285714286,13.0,0
2020-05-26,6,19.06,54.77,95.55,14.0,12.0,7.0,10.0,12.666666666666666,11.428571428571429,12.285714285714286,13.0,0
2020-05-27,5,20.14,56.91,93.67,6.0,12.0,13.0,16.0,10.666666666666666,11.285714285714286,12.0,13.0,0
2020-05-28,13,20.05,54.85,93.42,5.0,14.0,17.0,10.0,8.333333333333334,10.142857142857142,11.214285714285714,12.0,0
2020-05-29,12,21.68,53.87,90.67,13.0,6.0,5.0,19.0,8.0,9.571428571428571,11.428571428571429,17.0,0
2020-05-30,11,23.48,53.69,96.03,12.0,5.0,12.0,10.0,10.0,10.571428571428571,10.928571428571429,17.0,0
2020-05-31,11,19.99,51.67,94.85,11.0,13.0,12.0,11.0,12.0,10.428571428571429,11.0,17.0,0
2020-06-01,7,20.22,55.21,95.06,11.0,12.0,14.0,16.0,11.333333333333334,10.285714285714286,11.0,17.0,0
2020-06-02,11,22.24,53.65,90.92,7.0,11.0,6.0,7.0,9.666666666666666,9.285714285714286,10.357142857142858,17.0,0
2020-06-03,11,21.98,53.38,84.35,11.0,11.0,5.0,13.0,9.666666666666666,10.0,10.642857142857142,17.0,0
2020-06-04,6,23.55,58.31,97.28,11.0,7.0,13.0,17.0,9.666666666666666,10.857142857142858,10.5,17.0,0
2020-06-05,17,22.2,53.85,90.92,6.0,11.0,12.0,5.0,9.333333333333334,9.857142857142858,9.714285714285714,13.0,0
2020-06-06,11,21.23,52.15,89.32,17.0,11.0,11.0,12.0,11.333333333333334,10.571428571428571,10.571428571428571,13.0,0
2020-06-07,4,22.53,52.51,95.49,11.0,6.0,11.0,12.0,11.333333333333334,10.571428571428571,10.5,13.0,0
2020-06-08,11,23.31,54.74,91.09,4.0,17.0,7.0,14.0,10.666666666666666,9.571428571428571,9.928571428571429,13.0,0
2020-06-09,5,23.12,53.06,96.85,11.0,11.0,11.0,6.0,8.666666666666666,10.142857142857142,9.714285714285714,15.0,0
2020-06-10,12,22.89,50.61,95.02,5.0,4.0,11.0,5.0,6.666666666666667,9.285714285714286,9.642857142857142,15.0,0
2020-06-11,13,23.71,54.01,95.24,12.0,11.0,6.0,13.0,9.333333333333334,9.428571428571429,10.142857142857142,15.0,0
2020-06-12,5,23.98,51.5,86.99,13.0,5.0,17.0,12.0,10.0,10.428571428571429,10.142857142857142,15.0,0
2020-06-13,12,24.37,55.18,97.26,5.0,12.0,11.0,11.0,10.0,8.714285714285714,9.642857142857142,15.0,0
2020-06-14,9,23.63,53.86,93.42,12.0,13.0,4.0,11.0,10.0,8.857142857142858,9.714285714285714,15.0,0
2020-06-15,11,22.78,51.44,90.85,9.0,5.0,11.0,7.0,8.666666666666666,9.571428571428571,9.571428571428571,15.0,0
2020-06-16,15,23.28,53.9,92.87,11.0,12.0,5.0,11.0,10.666666666666666,9.571428571428571,9.857142857142858,8.0,0
2020-06-17,6,24.68,51.94,85.15,15.0,9.0,12.0,11.0,11.666666666666666,11.0,10.142857142857142,10.0,0
2020-06-18,4,22.37,52.99,93.86,6.0,11.0,13.0,6.0,10.666666666666666,10.142857142857142,9.785714285714286,10.0,0
2020-06-19,4,23.91,52.3,88.07,4.0,15.0,5.0,17.0,8.333333333333334,8.857142857142858,9.642857142857142,12.0,0
2020-06-20,4,23.11,50.17,86.75,4.0,6.0,12.0,11.0,4.666666666666667,8.714285714285714,8.714285714285714,12.0,0
2020-06-21,7,23.72,50.34,86.05,4.0,4.0,9.0,4.0,4.0,7.571428571428571,8.214285714285714,17.0,0
2020-06-22,8,25.32,52.71,96.56,7.0,4.0,11.0,11.0,5.0,7.285714285714286,8.428571428571429,17.0,0
2020-06-23,8,24.12,50.53,89.57,8.0,4.0,15.0,5.0,6.333333333333333,6.857142857142857,8.214285714285714,17.0,0
2020-06-24,10,24.04,50.29,98.21,8.0,7.0,6.0,12.0,7.666666666666667,5.857142857142857,8.428571428571429,17.0,0
2020-06-25,7,22.44,49.32,89.91,10.0,8.0,4.0,13.0,8.666666666666666,6.428571428571429,8.285714285714286,17.0,0
2020-06-26,12,25.06,51.25,85.21,7.0,8.0,4.0,5.0,8.333333333333334,6.857142857142857,7.857142857142857,17.0,0
2020-06-27,5,25.02,53.58,87.56,12.0,10.0,4.0,12.0,9.666666666666666,8.0,8.357142857142858,17.0,0
2020-06-28,17,26.92,48.74,96.96,5.0,7.0,7.0,9.0,8.0,8.142857142857142,7.857142857142857,9.0,0
2020-06-29,9,24.03,50.24,91.39,17.0,12.0,8.0,11.0,11.333333333333334,9.571428571428571,8.428571428571429,9.0,0
2020-06-30,3,24.73,52.19,89.81,9.0,5.0,8.0,15.0,10.333333333333334,9.714285714285714,8.285714285714286,9.0,0
2020-07-01,2,24.83,49.81,92.64,3.0,17.0,10.0,6.0,9.666666666666666,9.0,7.428571428571429,9.0,0
2020-07-02,8,26.49,50.47,94.01,2.0,9.0,7.0,4.0,4.666666666666667,7.857142857142857,7.142857142857143,9.0,0
2020-07-03,5,24.54,48.06,96.47,8.0,3.0,12.0,4.0,4.333333333333333,8.0,7.428571428571429,9.0,0
2020-07-04,9,25.04,50.16,97.8,5.0,2.0,5.0,4.0,5.0,7.0,7.5,9.0,0
2020-07-05,8,25.49,49.1,90.57,9.0,8.0,17.0,7.0,7.333333333333333,7.571428571428571,7.857142857142857,9.0,0
2020-07-06,6,25.02,50.72,86.72,8.0,5.0,9.0,8.0,7.333333333333333,6.285714285714286,7.928571428571429,9.0,0
2020-07-07,3,24.3,50.89,90.38,6.0,9.0,3.0,8.0,7.666666666666667,5.857142857142857,7.785714285714286,9.0,0
2020-07-08,0,25.11,52.85,93.09,3.0,8.0,2.0,10.0,5.666666666666667,5.857142857142857,7.428571428571429,9.0,0
2020-07-09,4,26.19,49.7,88.21,0.0,6.0,8.0,7.0,3.0,5.571428571428571,6.714285714285714,9.0,0
2020-07-10,9,23.7,49.19,88.25,4.0,3.0,5.0,12.0,2.3333333333333335,5.0,6.5,7.0,0
2020-07-11,7,25.11,48.85,93.48,9.0,0.0,9.0,5.0,4.333333333333333,5.571428571428571,6.285714285714286,7.0,0
2020-07-12,1,24.13,47.9,91.93,7.0,4.0,8.0,17.0,6.666666666666667,5.285714285714286,6.428571428571429,7.0,0
2020-07-13,7,26.42,48.8,92.28,1.0,9.0,6.0,9.0,5.666666666666667,4.285714285714286,5.285714285714286,8.0,0
2020-07-14,7,23.17,47.71,89.14,7.0,7.0,3.0,3.0,5.0,4.428571428571429,5.142857142857143,10.0,0
2020-07-15,2,24.33,48.28,91.29,7.0,1.0,0.0,2.0,5.0,5.0,5.428571428571429,10.0,0
2020-07-16,6,25.45,49.87,88.54,2.0,7.0,4.0,8.0,5.333333333333333,5.285714285714286,5.428571428571429,10.0,0
2020-07-17,6,26.87,46.25,95.83,6.0,7.0,9.0,5.0,5.0,5.571428571428571,5.285714285714286,10.0,0
2020-07-18,1,24.91,49.34,96.45,6.0,2.0,7.0,9.0,4.666666666666667,5.142857142857143,5.357142857142857,10.0,0
2020-07-19,7,24.31,49.47,84.97,1.0,6.0,1.0,8.0,4.333333333333333,4.285714285714286,4.785714285714286,10.0,0
2020-07-20,8,27.21,47.19,88.67,7.0,6.0,7.0,6.0,4.666666666666667,5.142857142857143,4.714285714285714,10.0,0
2020-07-21,10,23.2,44.05,86.45,8.0,1.0,7.0,3.0,5.333333333333333,5.285714285714286,4.857142857142857,22.0,0
2020-07-22,10,22.27,46.19,89.88,10.0,7.0,2.0,0.0,8.333333333333334,5.714285714285714,5.357142857142857,22.0,0
2020-07-23,0,25.4,48.92,92.2,10.0,8.0,6.0,4.0,9.333333333333334,6.857142857142857,6.071428571428571,22.0,0
2020-07-24,2,24.24,46.82,86.78,0.0,10.0,6.0,9.0,6.666666666666667,6.0,5.785714285714286,22.0,0
2020-07-25,8,23.57,45.23,88.94,2.0,10.0,1.0,7.0,4.0,5.428571428571429,5.285714285714286,22.0,0
2020-07-26,8,25.61,45.84,88.67,8.0,0.0,7.0,1.0,3.3333333333333335,6.428571428571429,5.357142857142857,22.0,0
2020-07-27,8,25.0,47.74,93.57,8.0,2.0,8.0,7.0,6.0,6.571428571428571,5.857142857142857,22.0,0
2020-07-28,22,23.98,47.17,93.08,8.0,8.0,10.0,7.0,8.0,6.571428571428571,5.928571428571429,11.0,0
2020-07-29,9,23.06,45.87,89.98,22.0,8.0,10.0,2.0,12.666666666666666,8.285714285714286,7.0,11.0,0
2020-07-30,11,25.58,45.56,93.63,9.0,8.0,0.0,6.0,13.0,8.142857142857142,7.5,10.0,0
2020-07-31,10,25.25,45.4,90.81,11.0,22.0,2.0,6.0,14.0,9.714285714285714,7.857142857142857,10.0,0
2020-08-01,9,24.28,44.49,91.97,10.0,9.0,8.0,1.0,10.0,10.857142857142858,8.142857142857142,16.0,0
2020-08-02,5,26.54,48.18,99.82,9.0,11.0,8.0,7.0,10.0,11.0,8.714285714285714,16.0,0
2020-08-03,10,22.96,45.15,98.56,5.0,10.0,8.0,8.0,8.0,10.571428571428571,8.571428571428571,16.0,0
2020-08-04,4,22.33,47.35,88.08,10.0,9.0,22.0,10.0,8.0,10.857142857142858,8.714285714285714,16.0,0
2020-08-05,6,23.25,47.69,96.67,4.0,5.0,9.0,10.0,6.333333333333333,8.285714285714286,8.285714285714286,16.0,0
2020-08-06,5,23.93,46.8,96.67,6.0,10.0,11.0,0.0,6.666666666666667,7.857142857142857,8.0,16.0,0
2020-08-07,7,24.18,44.54,88.91,5.0,4.0,10.0,2.0,5.0,7.0,8.357142857142858,16.0,0
2020-08-08,16,23.5,45.68,96.86,7.0,6.0,9.0,8.0,6.0,6.571428571428571,8.714285714285714,12.0,0
2020-08-09,0,24.11,44.93,99.82,16.0,5.0,5.0,8.0,9.333333333333334,7.571428571428571,9.285714285714286,12.0,0
2020-08-10,10,22.08,43.51,89.27,0.0,7.0,10.0,8.0,7.666666666666667,6.857142857142857,8.714285714285714,12.0,0
2020-08-11,1,25.2,45.25,90.17,10.0,16.0,4.0,22.0,8.666666666666666,6.857142857142857,8.857142857142858,12.0,0
2020-08-12,6,23.25,42.89,98.0,1.0,0.0,6.0,9.0,3.6666666666666665,6.428571428571429,7.357142857142857,12.0,0
2020-08-13,12,24.57,46.34,95.11,6.0,10.0,5.0,11.0,5.666666666666667,6.428571428571429,7.142857142857143,11.0,0
2020-08-14,8,23.52,43.76,96.32,12.0,1.0,7.0,10.0,6.333333333333333,7.428571428571429,7.214285714285714,11.0,0
2020-08-15,4,23.53,44.66,95.57,8.0,6.0,16.0,9.0,8.666666666666666,7.571428571428571,7.071428571428571,18.0,0
2020-08-16,5,23.53,44.68,95.87,4.0,12.0,0.0,5.0,8.0,5.857142857142857,6.714285714285714,18.0,0
2020-08-17,11,23.25,43.78,89.1,5.0,8.0,10.0,10.0,5.666666666666667,6.571428571428571,6.714285714285714,18.0,0
2020-08-18,5,23.35,44.95,98.69,11.0,4.0,1.0,4.0,6.666666666666667,6.714285714285714,6.785714285714286,18.0,0
2020-08-19,9,24.03,43.27,99.28,5.0,5.0,6.0,6.0,7.0,7.285714285714286,6.857142857142857,18.0,0
2020-08-20,9,22.52,45.2,93.79,9.0,11.0,12.0,5.0,8.333333333333334,7.714285714285714,7.071428571428571,18.0,0
2020-08-21,6,22.99,41.78,94.64,9.0,5.0,8.0,7.0,7.666666666666667,7.285714285714286,7.357142857142857,18.0,0
2020-08-22,18,21.87,43.9,88.79,6.0,9.0,4.0,16.0,8.0,7.0,7.285714285714286,13.0,0
2020-08-23,12,23.55,46.54,97.08,18.0,9.0,5.0,0.0,11.0,9.0,7.428571428571429,13.0,0
2020-08-24,1,20.85,42.05,97.42,12.0,6.0,11.0,10.0,12.0,10.0,8.285714285714286,14.0,0
2020-08-25,10,23.66,42.45,94.99,1.0,18.0,5.0,1.0,10.333333333333334,8.571428571428571,7.642857142857143,14.0,0
2020-08-26,7,21.28,44.16,99.85,10.0,12.0,9.0,6.0,7.666666666666667,9.285714285714286,8.285714285714286,14.0,0
2020-08-27,13,19.44,43.58,94.13,7.0,1.0,9.0,12.0,6.0,9.0,8.357142857142858,14.0,0
2020-08-28,7,21.14,43.76,97.84,13.0,10.0,6.0,8.0,10.0,9.571428571428571,8.428571428571429,14.0,0
2020-08-29,10,19.99,43.9,91.62,7.0,7.0,18.0,4.0,9.0,9.714285714285714,8.357142857142858,19.0,0
2020-08-30,12,21.64,44.05,95.72,10.0,13.0,12.0,5.0,10.0,8.571428571428571,8.785714285714286,19.0,0
2020-08-31,14,19.66,44.69,95.23,12.0,7.0,1.0,11.0,9.666666666666666,8.571428571428571,9.285714285714286,19.0,0
2020-09-01,6,19.72,43.57,96.95,14.0,10.0,10.0,5.0,12.0,10.428571428571429,9.5,19.0,0
2020-09-02,10,17.8,42.53,94.69,6.0,12.0,7.0,9.0,10.666666666666666,9.857142857142858,9.571428571428571,21.0,0
2020-09-03,9,19.33,43.84,95.77,10.0,14.0,13.0,9.0,10.0,10.285714285714286,9.642857142857142,21.0,0
2020-09-04,9,16.77,45.62,99.72,9.0,6.0,7.0,6.0,8.333333333333334,9.714285714285714,9.642857142857142,21.0,0
2020-09-05,19,17.58,42.52,94.79,9.0,10.0,10.0,18.0,9.333333333333334,10.0,9.857142857142858,21.0,0
2020-09-06,13,20.19,41.2,90.24,19.0,9.0,12.0,12.0,12.333333333333334,11.285714285714286,9.928571428571429,21.0,0
2020-09-07,7,20.02,44.27,103.79,13.0,9.0,14.0,1.0,13.666666666666666,11.428571428571429,10.0,21.0,0
2020-09-08,16,19.38,42.37,102.44,7.0,19.0,6.0,10.0,13.0,10.428571428571429,10.428571428571429,21.0,0
2020-09-09,21,17.5,39.25,91.87,16.0,13.0,10.0,7.0,12.0,11.857142857142858,10.857142857142858,18.0,0
2020-09-10,17,18.39,43.73,99.93,21.0,7.0,9.0,13.0,14.666666666666666,13.428571428571429,11.857142857142858,18.0,0
2020-09-11,7,18.23,41.61,95.29,17.0,16.0,9.0,7.0,18.0,14.571428571428571,12.142857142857142,18.0,0
2020-09-12,11,16.63,42.23,98.48,7.0,21.0,19.0,10.0,15.0,14.285714285714286,12.142857142857142,18.0,0
2020-09-13,18,19.6,42.83,98.74,11.0,17.0,13.0,12.0,11.666666666666666,13.142857142857142,12.214285714285714,17.0,0
2020-09-14,11,18.63,42.58,96.75,18.0,7.0,7.0,14.0,12.0,13.857142857142858,12.642857142857142,17.0,0
2020-09-15,15,17.09,43.32,94.69,11.0,11.0,16.0,6.0,13.333333333333334,14.428571428571429,12.428571428571429,17.0,0
2020-09-16,17,17.16,41.57,95.2,15.0,18.0,21.0,10.0,14.666666666666666,14.285714285714286,13.071428571428571,22.0,0
2020-09-17,10,17.15,42.96,94.43,17.0,11.0,17.0,9.0,14.333333333333334,13.714285714285714,13.571428571428571,22.0,0
2020-09-18,14,14.22,41.77,94.9,10.0,15.0,7.0,9.0,14.0,12.714285714285714,13.642857142857142,22.0,0
2020-09-19,2,16.14,43.24,98.09,14.0,17.0,11.0,19.0,13.666666666666666,13.714285714285714,14.0,22.0,0
2020-09-20,11,15.38,43.04,95.63,2.0,10.0,18.0,13.0,8.666666666666666,12.428571428571429,12.785714285714286,22.0,0
2020-09-21,14,14.76,40.69,101.36,11.0,14.0,11.0,7.0,9.0,11.428571428571429,12.642857142857142,22.0,0
2020-09-22,13,15.39,43.7,104.71,14.0,2.0,15.0,16.0,9.0,11.857142857142858,13.142857142857142,22.0,0
2020-09-23,22,17.64,41.25,96.58,13.0,11.0,17.0,21.0,12.666666666666666,11.571428571428571,12.928571428571429,22.0,0
2020-09-24,10,16.01,43.25,100.0,22.0,14.0,10.0,17.0,16.333333333333332,12.285714285714286,13.0,22.0,0
2020-09-25,14,14.32,42.58,101.17,10.0,13.0,14.0,7.0,15.0,12.285714285714286,12.5,22.0,0
2020-09-26,17,15.44,44.77,101.2,14.0,22.0,2.0,11.0,15.333333333333334,12.285714285714286,13.0,22.0,0
2020-09-27,22,16.19,41.67,99.75,17.0,10.0,11.0,18.0,13.666666666666666,14.428571428571429,13.428571428571429,22.0,0
2020-09-28,11,15.37,41.48,102.56,22.0,14.0,14.0,11.0,17.666666666666668,16.0,13.714285714285714,22.0,0
2020-09-29,22,14.09,41.97,101.65,11.0,17.0,13.0,15.0,16.666666666666668,15.571428571428571,13.714285714285714,20.0,0
2020-09-30,17,12.99,41.55,94.91,22.0,22.0,22.0,17.0,18.333333333333332,16.857142857142858,14.214285714285714,22.0,0
2020-10-01,14,14.36,43.2,103.48,17.0,11.0,10.0,10.0,16.666666666666668,16.142857142857142,14.214285714285714,25.0,0
2020-10-02,20,13.74,39.58,103.69,14.0,22.0,14.0,14.0,17.666666666666668,16.714285714285715,14.5,26.0,0
2020-10-03,19,14.09,40.43,97.22,20.0,17.0,17.0,2.0,17.0,17.571428571428573,14.928571428571429,26.0,0
2020-10-04,16,13.52,40.42,100.56,19.0,14.0,22.0,11.0,17.666666666666668,17.857142857142858,16.142857142857142,29.0,0
2020-10-05,19,13.77,43.46,103.28,16.0,20.0,11.0,14.0,18.333333333333332,17.0,16.5,29.0,0
2020-10-06,17,11.61,44.61,99.85,19.0,19.0,22.0,13.0,18.0,18.142857142857142,16.857142857142858,29.0,0
2020-10-07,22,13.58,41.91,105.12,17.0,16.0,17.0,22.0,17.333333333333332,17.428571428571427,17.142857142857142,29.0,0
2020-10-08,25,11.98,41.83,110.42,22.0,19.0,14.0,10.0,19.333333333333332,18.142857142857142,17.142857142857142,29.0,0
2020-10-09,26,13.97,42.21,97.95,25.0,17.0,20.0,14.0,21.333333333333332,19.714285714285715,18.214285714285715,29.0,0
2020-10-10,15,10.4,43.87,95.71,26.0,22.0,19.0,17.0,24.333333333333332,20.571428571428573,19.071428571428573,29.0,0
2020-10-11,29,13.05,40.76,102.59,15.0,25.0,16.0,22.0,22.0,20.0,18.928571428571427,26.0,0
2020-10-12,15,10.95,42.53,104.39,29.0,26.0,19.0,11.0,23.333333333333332,21.857142857142858,19.428571428571427,26.0,0
2020-10-13,20,9.67,43.67,100.72,15.0,15.0,17.0,22.0,19.666666666666668,21.285714285714285,19.714285714285715,26.0,0
2020-10-14,26,9.61,42.99,107.59,20.0,29.0,22.0,17.0,21.333333333333332,21.714285714285715,19.571428571428573,26.0,0
2020-10-15,22,9.55,42.56,96.55,26.0,15.0,25.0,14.0,20.333333333333332,22.285714285714285,20.214285714285715,26.0,0
2020-10-16,22,10.19,43.81,104.81,22.0,20.0,26.0,20.0,22.666666666666668,21.857142857142858,20.785714285714285,27.0,0
2020-10-17,21,10.05,38.3,99.75,22.0,26.0,15.0,19.0,23.333333333333332,21.285714285714285,20.928571428571427,27.0,0
2020-10-18,23,8.47,43.41,109.19,21.0,22.0,29.0,16.0,21.666666666666668,22.142857142857142,21.071428571428573,27.0,0
2020-10-19,22,8.87,41.45,110.41,23.0,22.0,15.0,19.0,22.0,21.285714285714285,21.571428571428573,27.0,0
2020-10-20,26,11.22,39.74,99.5,22.0,21.0,20.0,17.0,22.0,22.285714285714285,21.785714285714285,27.0,0
2020-10-21,24,10.46,43.3,100.5,26.0,23.0,26.0,22.0,23.666666666666668,23.142857142857142,22.428571428571427,27.0,0
2020-10-22,23,8.66,44.64,106.27,24.0,22.0,22.0,25.0,24.0,22.857142857142858,22.571428571428573,28.0,0
2020-10-23,27,7.92,42.43,101.41,23.0,26.0,22.0,26.0,24.333333333333332,23.0,22.428571428571427,30.0,0
2020-10-24,25,7.77,44.12,102.9,27.0,24.0,21.0,15.0,24.666666666666668,23.714285714285715,22.5,30.0,0
2020-10-25,27,8.1,45.16,103.31,25.0,23.0,23.0,29.0,25.0,24.285714285714285,23.214285714285715,30.0,0
2020-10-26,27,5.89,44.78,95.66,27.0,27.0,22.0,15.0,26.333333333333332,24.857142857142858,23.071428571428573,31.0,0
2020-10-27,21,6.55,45.32,103.41,27.0,25.0,26.0,20.0,26.333333333333332,25.571428571428573,23.928571428571427,31.0,0
2020-10-28,22,4.61,44.04,100.83,21.0,27.0,24.0,26.0,25.0,24.857142857142858,24.0,31.0,0
2020-10-29,28,6.84,43.11,101.74,22.0,27.0,23.0,22.0,23.333333333333332,24.571428571428573,23.714285714285715,31.0,0
2020-10-30,30,6.88,40.66,109.6,28.0,21.0,27.0,22.0,23.666666666666668,25.285714285714285,24.142857142857142,31.0,0
2020-10-31,25,5.28,42.76,98.92,30.0,22.0,25.0,21.0,26.666666666666668,25.714285714285715,24.714285714285715,34.0,0
2020-11-01,29,7.5,41.94,107.32,25.0,28.0,27.0,23.0,27.666666666666668,25.714285714285715,25.0,34.0,0
2020-11-02,31,3.89,46.53,103.07,29.0,30.0,27.0,22.0,28.0,26.0,25.428571428571427,34.0,0
2020-11-03,24,3.36,43.09,103.19,31.0,25.0,21.0,26.0,28.333333333333332,26.571428571428573,26.071428571428573,34.0,0
2020-11-04,31,5.15,43.61,107.58,24.0,29.0,22.0,24.0,28.0,27.0,25.928571428571427,34.0,0
2020-11-05,28,5.89,44.33,105.89,31.0,31.0,28.0,23.0,28.666666666666668,28.285714285714285,26.428571428571427,34.0,0
2020-11-06,29,6.41,43.65,106.93,28.0,24.0,30.0,27.0,27.666666666666668,28.285714285714285,26.785714285714285,34.0,0
2020-11-07,34,3.6,46.22,108.63,29.0,31.0,25.0,25.0,29.333333333333332,28.142857142857142,26.928571428571427,34.0,0
2020-11-08,31,5.21,42.82,103.54,34.0,28.0,29.0,27.0,30.333333333333332,29.428571428571427,27.571428571428573,34.0,0
2020-11-09,31,3.64,44.14,102.53,31.0,29.0,31.0,27.0,31.333333333333332,29.714285714285715,27.857142857142858,34.0,0
2020-11-10,33,3.24,42.82,100.74,31.0,34.0,24.0,21.0,32.0,29.714285714285715,28.142857142857142,34.0,0
2020-11-11,28,4.28,42.04,101.89,33.0,31.0,31.0,22.0,31.666666666666668,31.0,29.0,34.0,0
2020-11-12,34,3.77,43.2,117.09,28.0,31.0,28.0,28.0,30.666666666666668,30.571428571428573,29.428571428571427,41.0,1
2020-11-13,30,0.87,44.16,110.37,34.0,33.0,29.0,30.0,31.666666666666668,31.428571428571427,29.857142857142858,41.0,1
2020-11-14,30,4.31,43.66,100.09,30.0,28.0,34.0,25.0,30.666666666666668,31.571428571428573,29.857142857142858,41.0,1
2020-11-15,28,3.97,43.37,100.31,30.0,34.0,31.0,29.0,31.333333333333332,31.0,30.214285714285715,41.0,1
2020-11-16,32,1.34,42.39,107.62,28.0,30.0,31.0,31.0,29.333333333333332,30.571428571428573,30.142857142857142,41.0,1
2020-11-17,34,2.35,44.48,107.98,32.0,30.0,33.0,24.0,30.0,30.714285714285715,30.214285714285715,41.0,1
2020-11-18,29,2.25,42.45,108.08,34.0,28.0,28.0,31.0,31.333333333333332,30.857142857142858,30.928571428571427,41.0,1
2020-11-19,41,1.76,45.95,104.96,29.0,32.0,34.0,28.0,31.666666666666668,31.0,30.785714285714285,38.0,1
2020-11-20,29,0.58,45.04,105.56,41.0,34.0,30.0,29.0,34.666666666666664,32.0,31.714285714285715,38.0,1
2020-11-21,28,0.22,42.84,107.47,29.0,29.0,30.0,34.0,33.0,31.857142857142858,31.714285714285715,38.0,1
2020-11-22,38,0.79,44.67,106.59,28.0,41.0,28.0,31.0,32.666666666666664,31.571428571428573,31.285714285714285,36.0,1
2020-11-23,34,2.03,44.11,97.45,38.0,29.0,32.0,31.0,31.666666666666668,33.0,31.785714285714285,38.0,1
2020-11-24,36,1.07,45.83,105.49,34.0,28.0,34.0,33.0,33.333333333333336,33.285714285714285,32.0,38.0,1
2020-11-25,34,-0.22,47.48,103.09,36.0,38.0,29.0,28.0,36.0,33.57142857142857,32.214285714285715,38.0,1
2020-11-26,34,0.95,42.77,107.27,34.0,34.0,41.0,34.0,34.666666666666664,34.285714285714285,32.642857142857146,38.0,1
2020-11-27,30,-3.58,45.87,118.59,34.0,36.0,29.0,30.0,34.666666666666664,33.285714285714285,32.642857142857146,38.0,1
2020-11-28,35,1.03,45.57,108.19,30.0,34.0,28.0,30.0,32.666666666666664,33.42857142857143,32.642857142857146,38.0,1
2020-11-29,32,-2.63,46.94,105.54,35.0,34.0,38.0,28.0,33.0,34.42857142857143,33.0,38.0,1
2020-11-30,38,-1.16,46.37,110.56,32.0,30.0,34.0,32.0,32.333333333333336,33.57142857142857,33.285714285714285,37.0,1
2020-12-01,34,-2.24,45.04,108.87,38.0,35.0,36.0,34.0,35.0,34.142857142857146,33.714285714285715,37.0,1
2020-12-02,32,-2.63,45.81,108.69,34.0,32.0,34.0,29.0,34.666666666666664,33.857142857142854,33.714285714285715,37.0,1
2020-12-03,34,0.15,45.22,109.5,32.0,38.0,34.0,41.0,34.666666666666664,33.57142857142857,33.92857142857143,37.0,1
2020-12-04,37,-1.98,48.15,115.36,34.0,34.0,30.0,29.0,33.333333333333336,33.57142857142857,33.42857142857143,37.0,1
2020-12-05,31,-1.17,46.69,102.67,37.0,32.0,35.0,28.0,34.333333333333336,34.57142857142857,34.0,37.0,1
2020-12-06,32,-1.8,49.64,109.15,31.0,34.0,32.0,38.0,34.0,34.0,34.214285714285715,37.0,1
2020-12-07,34,-1.33,46.82,103.61,32.0,37.0,38.0,34.0,33.333333333333336,34.0,33.785714285714285,37.0,1
2020-12-08,37,-1.97,45.98,109.59,34.0,31.0,34.0,36.0,32.333333333333336,33.42857142857143,33.785714285714285,37.0,1
2020-12-09,32,-3.75,44.9,103.75,37.0,32.0,32.0,34.0,34.333333333333336,33.857142857142854,33.857142857142854,38.0,1
2020-12-10,34,-1.16,44.6,105.8,32.0,34.0,34.0,34.0,34.333333333333336,33.857142857142854,33.714285714285715,41.0,1
2020-12-11,37,-3.1,45.05,106.34,34.0,37.0,37.0,30.0,34.333333333333336,33.857142857142854,33.714285714285715,41.0,1
2020-12-12,31,-4.51,47.96,111.47,37.0,32.0,31.0,35.0,34.333333333333336,33.857142857142854,34.214285714285715,41.0,1
2020-12-13,31,-3.29,48.46,111.28,31.0,34.0,32.0,32.0,34.0,33.857142857142854,33.92857142857143,41.0,1
2020-12-14,31,-1.11,45.45,102.67,31.0,37.0,34.0,38.0,33.0,33.714285714285715,33.857142857142854,41.0,1
2020-12-15,36,-2.02,49.3,107.91,31.0,31.0,37.0,34.0,31.0,33.285714285714285,33.357142857142854,41.0,1
2020-12-16,38,-3.59,47.37,104.89,36.0,31.0,32.0,32.0,32.666666666666664,33.142857142857146,33.5,41.0,1
2020-12-17,41,-3.71,48.44,102.73,38.0,31.0,34.0,34.0,35.0,34.0,33.92857142857143,41.0,1
2020-12-18,41,-3.79,50.78,106.92,41.0,36.0,37.0,37.0,38.333333333333336,35.0,34.42857142857143,39.0,1
2020-12-19,37,-1.03,49.84,106.59,41.0,38.0,31.0,31.0,40.0,35.57142857142857,34.714285714285715,39.0,1
2020-12-20,38,-3.17,48.23,117.56,37.0,41.0,31.0,32.0,39.666666666666664,36.42857142857143,35.142857142857146,42.0,1
2020-12-21,34,-3.22,47.43,109.61,38.0,41.0,31.0,34.0,38.666666666666664,37.42857142857143,35.57142857142857,42.0,1
2020-12-22,35,-2.6,45.67,102.39,34.0,37.0,36.0,37.0,36.333333333333336,37.857142857142854,35.57142857142857,42.0,1
2020-12-23,37,-3.65,47.96,105.66,35.0,38.0,38.0,32.0,35.666666666666664,37.714285714285715,35.42857142857143,42.0,1
2020-12-24,39,-4.34,48.86,112.02,37.0,34.0,41.0,34.0,35.333333333333336,37.57142857142857,35.785714285714285,42.0,1
2020-12-25,35,-4.36,47.83,116.31,39.0,35.0,41.0,37.0,37.0,37.285714285714285,36.142857142857146,42.0,1
2020-12-26,38,-4.29,49.25,101.62,35.0,37.0,37.0,31.0,37.0,36.42857142857143,36.0,42.0,1
2020-12-27,42,-4.33,49.7,100.46,38.0,39.0,38.0,31.0,37.333333333333336,36.57142857142857,36.5,41.0,1
2020-12-28,38,-3.49,49.39,115.47,42.0,35.0,34.0,31.0,38.333333333333336,37.142857142857146,37.285714285714285,41.0,1
2020-12-29,40,-4.37,48.89,109.55,38.0,38.0,35.0,36.0,39.333333333333336,37.714285714285715,37.785714285714285,41.0,1
2020-12-30,41,-3.62,50.25,104.52,40.0,42.0,37.0,38.0,40.0,38.42857142857143,38.07142857142857,41.0,1
2020-12-31,37,-4.66,50.8,110.14,41.0,38.0,39.0,41.0,39.666666666666664,39.0,38.285714285714285,45.0,1
2021-01-01,37,-4.47,48.5,97.46,37.0,40.0,35.0,41.0,39.333333333333336,38.714285714285715,38.0,45.0,1
2021-01-02,39,-7.02,52.39,108.01,37.0,41.0,38.0,37.0,38.333333333333336,39.0,37.714285714285715,48.0,1
2021-01-03,39,-3.58,50.27,109.31,39.0,37.0,42.0,38.0,37.666666666666664,39.142857142857146,37.857142857142854,48.0,1
2021-01-04,36,-4.32,50.58,111.69,39.0,37.0,38.0,34.0,38.333333333333336,38.714285714285715,37.92857142857143,48.0,1
2021-01-05,36,-3.58,51.75,103.93,36.0,39.0,40.0,35.0,38.0,38.42857142857143,38.07142857142857,48.0,1
2021-01-06,41,-8.3,51.17,108.32,36.0,39.0,41.0,37.0,37.0,37.857142857142854,38.142857142857146,48.0,1
2021-01-07,45,-2.35,52.39,104.26,41.0,36.0,37.0,39.0,37.666666666666664,37.857142857142854,38.42857142857143,48.0,1
2021-01-08,43,-5.06,51.53,108.97,45.0,36.0,37.0,35.0,40.666666666666664,39.0,38.857142857142854,48.0,1
2021-01-09,48,-3.59,50.32,104.35,43.0,41.0,39.0,38.0,43.0,39.857142857142854,39.42857142857143,48.0,1
2021-01-10,36,-6.19,51.91,106.28,48.0,45.0,39.0,42.0,45.333333333333336,41.142857142857146,40.142857142857146,48.0,1
2021-01-11,40,-4.23,49.79,103.9,36.0,43.0,36.0,38.0,42.333333333333336,40.714285714285715,39.714285714285715,48.0,1
2021-01-12,40,-6.24,51.8,110.47,40.0,48.0,36.0,40.0,41.333333333333336,41.285714285714285,39.857142857142854,48.0,1
2021-01-13,48,-5.74,51.73,111.27,40.0,36.0,41.0,41.0,38.666666666666664,41.857142857142854,39.857142857142854,37.0,1
2021-01-14,36,-2.7,51.6,106.87,48.0,40.0,45.0,37.0,42.666666666666664,42.857142857142854,40.357142857142854,40.0,1
2021-01-15,36,-5.23,51.85,107.93,36.0,40.0,43.0,37.0,41.333333333333336,41.57142857142857,40.285714285714285,46.0,1
2021-01-16,34,-4.74,49.35,101.95,36.0,48.0,48.0,39.0,40.0,40.57142857142857,40.214285714285715,46.0,1
2021-01-17,31,-3.95,51.48,106.51,34.0,36.0,36.0,39.0,35.333333333333336,38.57142857142857,39.857142857142854,46.0,1
2021-01-18,37,-4.39,52.58,107.47,31.0,36.0,40.0,36.0,33.666666666666664,37.857142857142854,39.285714285714285,46.0,1
2021-01-19,36,-4.78,52.81,118.11,37.0,34.0,40.0,36.0,34.0,37.42857142857143,39.357142857142854,46.0,1
2021-01-20,37,-4.51,51.16,103.14,36.0,31.0,48.0,41.0,34.666666666666664,36.857142857142854,39.357142857142854,46.0,1
2021-01-21,40,-2.04,54.73,113.4,37.0,37.0,36.0,45.0,36.666666666666664,35.285714285714285,39.07142857142857,46.0,1
2021-01-22,46,-4.96,51.66,111.48,40.0,36.0,36.0,43.0,37.666666666666664,35.857142857142854,38.714285714285715,46.0,1
2021-01-23,43,-4.62,54.54,108.57,46.0,37.0,34.0,48.0,41.0,37.285714285714285,38.92857142857143,46.0,1
2021-01-24,37,-3.56,53.85,114.43,43.0,40.0,31.0,36.0,43.0,38.57142857142857,38.57142857142857,46.0,1
2021-01-25,35,-3.45,52.37,108.83,37.0,46.0,37.0,40.0,42.0,39.42857142857143,38.642857142857146,46.0,1
2021-01-26,41,-3.31,56.13,108.84,35.0,43.0,36.0,40.0,38.333333333333336,39.142857142857146,38.285714285714285,46.0,1
2021-01-27,34,-3.91,51.8,107.01,41.0,37.0,37.0,48.0,37.666666666666664,39.857142857142854,38.357142857142854,46.0,1
2021-01-28,46,-6.0,55.09,112.06,34.0,35.0,40.0,36.0,36.666666666666664,39.42857142857143,37.357142857142854,44.0,1
2021-01-29,43,-2.61,55.33,111.49,46.0,41.0,46.0,36.0,40.333333333333336,40.285714285714285,38.07142857142857,44.0,1
2021-01-30,37,-5.88,52.94,104.54,43.0,34.0,43.0,34.0,41.0,39.857142857142854,38.57142857142857,44.0,1
2021-01-31,29,-4.07,56.16,101.7,37.0,46.0,37.0,31.0,42.0,39.0,38.785714285714285,44.0,1
2021-02-01,44,-5.27,53.81,106.09,29.0,43.0,35.0,37.0,36.333333333333336,37.857142857142854,38.642857142857146,43.0,1
2021-02-02,35,-4.36,54.74,103.63,44.0,37.0,41.0,36.0,36.666666666666664,39.142857142857146,39.142857142857146,43.0,1
2021-02-03,43,-3.81,54.81,106.51,35.0,29.0,34.0,37.0,36.0,38.285714285714285,39.07142857142857,38.0,1
2021-02-04,32,-3.73,54.33,111.64,43.0,44.0,46.0,40.0,40.666666666666664,39.57142857142857,39.5,38.0,1
2021-02-05,36,-3.52,55.86,104.78,32.0,35.0,43.0,46.0,36.666666666666664,37.57142857142857,38.92857142857143,38.0,1
2021-02-06,38,-2.0,55.95,106.36,36.0,43.0,37.0,43.0,37.0,36.57142857142857,38.214285714285715,38.0,1
2021-02-07,38,-3.3,52.25,106.68,38.0,32.0,29.0,37.0,35.333333333333336,36.714285714285715,37.857142857142854,38.0,1
2021-02-08,36,-4.03,56.93,109.76,38.0,36.0,44.0,35.0,37.333333333333336,38.0,37.92857142857143,38.0,1
2021-02-09,38,-2.48,52.59,97.3,36.0,38.0,35.0,41.0,37.333333333333336,36.857142857142854,38.0,38.0,1
2021-02-10,31,-2.1,56.74,103.77,38.0,38.0,43.0,34.0,37.333333333333336,37.285714285714285,37.785714285714285,39.0,1
2021-02-11,37,-4.88,56.98,106.96,31.0,36.0,32.0,46.0,35.0,35.57142857142857,37.57142857142857,39.0,1
2021-02-12,38,-2.57,53.76,110.82,37.0,38.0,36.0,43.0,35.333333333333336,36.285714285714285,36.92857142857143,39.0,1
2021-02-13,37,-2.33,54.88,103.96,38.0,31.0,38.0,37.0,35.333333333333336,36.57142857142857,36.57142857142857,40.0,1
2021-02-14,38,-3.4,53.94,98.33,37.0,37.0,38.0,29.0,37.333333333333336,36.42857142857143,36.57142857142857,40.0,1
2021-02-15,33,-1.26,55.37,108.22,38.0,38.0,36.0,44.0,37.666666666666664,36.42857142857143,37.214285714285715,41.0,1
2021-02-16,28,-2.96,55.33,103.1,33.0,37.0,38.0,35.0,36.0,36.0,36.42857142857143,41.0,1
2021-02-17,39,-2.49,57.05,100.79,28.0,38.0,31.0,43.0,33.0,34.57142857142857,35.92857142857143,44.0,1
2021-02-18,36,-2.71,57.94,102.95,39.0,33.0,37.0,32.0,33.333333333333336,35.714285714285715,35.642857142857146,44.0,1
2021-02-19,34,-2.34,58.16,104.61,36.0,28.0,38.0,36.0,34.333333333333336,35.57142857142857,35.92857142857143,44.0,1
2021-02-20,40,-3.53,55.31,102.82,34.0,39.0,37.0,38.0,36.333333333333336,35.0,35.785714285714285,44.0,1
2021-02-21,34,-3.79,55.93,96.31,40.0,36.0,38.0,38.0,36.666666666666664,35.42857142857143,35.92857142857143,44.0,1
2021-02-22,41,0.01,53.8,108.62,34.0,34.0,33.0,36.0,36.0,34.857142857142854,35.642857142857146,44.0,1
2021-02-23,36,-2.76,55.2,110.02,41.0,40.0,28.0,38.0,38.333333333333336,36.0,36.0,44.0,1
2021-02-24,44,-2.77,57.94,107.42,36.0,34.0,39.0,31.0,37.0,37.142857142857146,35.857142857142854,40.0,1
2021-02-25,40,-4.0,59.0,100.15,44.0,41.0,36.0,37.0,40.333333333333336,37.857142857142854,36.785714285714285,40.0,1
2021-02-26,32,-2.01,54.8,103.78,40.0,36.0,34.0,38.0,40.0,38.42857142857143,37.0,40.0,1
2021-02-27,39,-2.66,55.84,104.45,32.0,44.0,40.0,37.0,38.666666666666664,38.142857142857146,36.57142857142857,40.0,1
2021-02-28,38,1.07,56.76,106.76,39.0,40.0,34.0,38.0,37.0,38.0,36.714285714285715,40.0,1
2021-03-01,40,0.49,57.29,106.92,38.0,32.0,41.0,33.0,36.333333333333336,38.57142857142857,36.714285714285715,39.0,1
2021-03-02,28,-1.36,55.73,101.19,40.0,39.0,36.0,28.0,39.0,38.42857142857143,37.214285714285715,39.0,1
2021-03-03,37,2.35,57.64,104.34,28.0,38.0,44.0,39.0,35.333333333333336,37.285714285714285,37.214285714285715,39.0,1
2021-03-04,39,1.01,56.36,105.72,37.0,40.0,40.0,36.0,35.0,36.285714285714285,37.07142857142857,39.0,1
2021-03-05,27,-0.36,57.11,109.59,39.0,28.0,32.0,34.0,34.666666666666664,36.142857142857146,37.285714285714285,39.0,1
2021-03-06,29,-2.78,58.02,106.47,27.0,37.0,39.0,40.0,34.333333333333336,35.42857142857143,36.785714285714285,39.0,1
2021-03-07,26,3.17,57.27,106.68,29.0,39.0,38.0,34.0,31.666666666666668,34.0,36.0,39.0,1
2021-03-08,30,-1.05,56.66,103.74,26.0,27.0,40.0,41.0,27.333333333333332,32.285714285714285,35.42857142857143,39.0,1
2021-03-09,36,-1.15,57.2,108.92,30.0,29.0,28.0,36.0,28.333333333333332,30.857142857142858,34.642857142857146,39.0,1
2021-03-10,39,2.25,57.29,104.79,36.0,26.0,37.0,44.0,30.666666666666668,32.0,34.642857142857146,39.0,1
2021-03-11,31,4.16,56.92,99.58,39.0,30.0,39.0,40.0,35.0,32.285714285714285,34.285714285714285,39.0,1
2021-03-12,39,3.11,57.13,108.51,31.0,36.0,27.0,32.0,35.333333333333336,31.142857142857142,33.642857142857146,32.0,0
2021-03-13,27,2.34,59.96,105.56,39.0,39.0,29.0,39.0,36.333333333333336,32.857142857142854,34.142857142857146,32.0,0
2021-03-14,23,2.59,58.45,100.86,27.0,31.0,26.0,38.0,32.333333333333336,32.57142857142857,33.285714285714285,34.0,0
2021-03-15,29,3.12,57.21,100.59,23.0,39.0,30.0,40.0,29.666666666666668,32.142857142857146,32.214285714285715,34.0,0
2021-03-16,31,3.23,58.73,103.56,29.0,27.0,36.0,28.0,26.333333333333332,32.0,31.428571428571427,34.0,0
2021-03-17,32,2.87,57.23,104.09,31.0,23.0,39.0,37.0,27.666666666666668,31.285714285714285,31.642857142857142,34.0,0
2021-03-18,21,2.89,59.52,102.9,32.0,29.0,31.0,39.0,30.666666666666668,30.285714285714285,31.285714285714285,34.0,0
2021-03-19,28,2.91,58.35,103.22,21.0,31.0,39.0,27.0,28.0,28.857142857142858,30.0,34.0,0
2021-03-20,26,2.31,57.66,108.64,28.0,32.0,27.0,29.0,27.0,27.285714285714285,30.071428571428573,34.0,0
2021-03-21,34,3.11,58.52,105.99,26.0,21.0,23.0,26.0,25.0,27.142857142857142,29.857142857142858,31.0,0
2021-03-22,30,1.65,55.52,102.34,34.0,28.0,29.0,30.0,29.333333333333332,28.714285714285715,30.428571428571427,31.0,0
2021-03-23,27,3.8,56.21,105.2,30.0,26.0,31.0,36.0,30.0,28.857142857142858,30.428571428571427,31.0,0
2021-03-24,26,2.97,56.13,97.17,27.0,34.0,32.0,39.0,30.333333333333332,28.285714285714285,29.785714285714285,31.0,0
2021-03-25,23,3.07,58.15,102.76,26.0,30.0,21.0,31.0,27.666666666666668,27.428571428571427,28.857142857142858,31.0,0
2021-03-26,29,4.85,60.55,108.27,23.0,27.0,28.0,39.0,25.333333333333332,27.714285714285715,28.285714285714285,31.0,0
2021-03-27,31,6.55,61.31,100.02,29.0,26.0,26.0,27.0,26.0,27.857142857142858,27.571428571428573,29.0,0
2021-03-28,23,6.22,58.94,97.37,31.0,23.0,34.0,23.0,27.666666666666668,28.571428571428573,27.857142857142858,29.0,0
2021-03-29,29,3.48,58.74,98.01,23.0,29.0,30.0,29.0,27.666666666666668,27.0,27.857142857142858,33.0,0
2021-03-30,24,4.42,55.29,96.12,29.0,31.0,27.0,31.0,27.666666666666668,26.857142857142858,27.857142857142858,33.0,0
2021-03-31,23,6.99,57.18,97.21,24.0,23.0,26.0,32.0,25.333333333333332,26.428571428571427,27.357142857142858,33.0,0
2021-04-01,25,4.93,56.82,98.72,23.0,29.0,23.0,21.0,25.333333333333332,26.0,26.714285714285715,33.0,0
2021-04-02,21,6.09,57.07,94.45,25.0,24.0,29.0,28.0,24.0,26.285714285714285,27.0,33.0,0
2021-04-03,23,7.27,57.74,99.99,21.0,23.0,31.0,26.0,23.0,25.142857142857142,26.5,33.0,0
2021-04-04,20,5.7,57.28,103.4,23.0,25.0,23.0,34.0,23.0,24.0,26.285714285714285,33.0,0
2021-04-05,33,7.24,55.01,96.02,20.0,21.0,29.0,30.0,21.333333333333332,23.571428571428573,25.285714285714285,27.0,0
2021-04-06,27,5.77,59.1,105.6,33.0,23.0,24.0,27.0,25.333333333333332,24.142857142857142,25.5,26.0,0
2021-04-07,21,6.9,56.35,101.42,27.0,20.0,23.0,26.0,26.666666666666668,24.571428571428573,25.5,26.0,0
2021-04-08,25,8.26,58.3,103.37,21.0,33.0,25.0,23.0,27.0,24.285714285714285,25.142857142857142,26.0,0
2021-04-09,23,6.22,61.04,96.48,25.0,27.0,21.0,29.0,24.333333333333332,24.285714285714285,25.285714285714285,26.0,0
2021-04-10,23,8.92,56.53,102.39,23.0,21.0,23.0,31.0,23.0,24.571428571428573,24.857142857142858,26.0,0
2021-04-11,26,8.62,54.09,94.47,23.0,25.0,20.0,23.0,23.666666666666668,24.571428571428573,24.285714285714285,27.0,0
2021-04-12,26,9.57,57.43,102.26,26.0,23.0,33.0,29.0,24.0,25.428571428571427,24.5,28.0,0
2021-04-13,21,9.43,59.49,99.25,26.0,23.0,27.0,24.0,25.0,24.428571428571427,24.285714285714285,28.0,0
2021-04-14,20,11.06,60.75,100.64,21.0,26.0,21.0,23.0,24.333333333333332,23.571428571428573,24.071428571428573,28.0,0
2021-04-15,21,9.83,55.93,93.59,20.0,26.0,25.0,25.0,22.333333333333332,23.428571428571427,23.857142857142858,28.0,0
2021-04-16,13,9.42,58.49,94.58,21.0,21.0,23.0,21.0,20.666666666666668,22.857142857142858,23.571428571428573,33.0,0
2021-04-17,16,10.34,57.01,100.41,13.0,20.0,23.0,23.0,18.0,21.428571428571427,23.0,33.0,0
2021-04-18,27,11.1,57.51,94.1,16.0,21.0,26.0,20.0,16.666666666666668,20.428571428571427,22.5,33.0,0
2021-04-19,28,10.77,61.6,99.61,27.0,13.0,26.0,33.0,18.666666666666668,20.571428571428573,23.0,33.0,0
2021-04-20,20,11.02,55.33,92.16,28.0,16.0,21.0,27.0,23.666666666666668,20.857142857142858,22.642857142857142,33.0,0
2021-04-21,23,10.38,57.92,100.89,20.0,27.0,20.0,21.0,25.0,20.714285714285715,22.142857142857142,33.0,0
2021-04-22,22,10.69,58.2,92.43,23.0,28.0,21.0,25.0,23.666666666666668,21.142857142857142,22.285714285714285,33.0,0
2021-04-23,33,10.06,59.07,99.44,22.0,20.0,13.0,23.0,21.666666666666668,21.285714285714285,22.071428571428573,24.0,0
2021-04-24,24,14.09,57.54,99.61,33.0,23.0,16.0,23.0,26.0,24.142857142857142,22.785714285714285,20.0,0
2021-04-25,19,10.76,57.8,94.19,24.0,22.0,27.0,26.0,26.333333333333332,25.285714285714285,22.857142857142858,20.0,0
2021-04-26,16,11.67,56.7,99.18,19.0,33.0,28.0,26.0,25.333333333333332,24.142857142857142,22.357142857142858,24.0,0
2021-04-27,13,11.9,57.63,97.77,16.0,24.0,20.0,21.0,19.666666666666668,22.428571428571427,21.642857142857142,24.0,0
2021-04-28,20,14.09,56.65,94.44,13.0,19.0,23.0,20.0,16.0,21.428571428571427,21.071428571428573,24.0,0
2021-04-29,16,12.91,58.04,92.44,20.0,16.0,22.0,21.0,16.333333333333332,21.0,21.071428571428573,24.0,0
2021-04-30,13,15.01,56.49,88.5,16.0,13.0,33.0,13.0,16.333333333333332,20.142857142857142,20.714285714285715,24.0,0
2021-05-01,16,12.96,57.54,97.63,13.0,20.0,24.0,16.0,16.333333333333332,17.285714285714285,20.714285714285715,24.0,0
2021-05-02,14,14.35,56.86,89.85,16.0,16.0,19.0,27.0,15.0,16.142857142857142,20.714285714285715,24.0,0
2021-05-03,24,13.26,58.52,96.37,14.0,13.0,16.0,28.0,14.333333333333334,15.428571428571429,19.785714285714285,23.0,0
2021-05-04,21,17.09,56.68,94.82,24.0,16.0,13.0,20.0,18.0,16.571428571428573,19.5,23.0,0
2021-05-05,17,13.33,54.03,98.47,21.0,14.0,20.0,23.0,19.666666666666668,17.714285714285715,19.571428571428573,23.0,0
2021-05-06,23,15.37,58.5,94.43,17.0,24.0,16.0,22.0,20.666666666666668,17.285714285714285,19.142857142857142,22.0,0
2021-05-07,17,16.01,55.17,94.21,23.0,21.0,13.0,33.0,20.333333333333332,18.285714285714285,19.214285714285715,22.0,0
2021-05-08,13,15.98,55.47,98.34,17.0,17.0,16.0,24.0,19.0,18.857142857142858,18.071428571428573,22.0,0
2021-05-09,22,15.5,55.48,96.64,13.0,23.0,14.0,19.0,17.666666666666668,18.428571428571427,17.285714285714285,22.0,0
2021-05-10,18,15.81,58.35,96.45,22.0,17.0,24.0,16.0,17.333333333333332,19.571428571428573,17.5,22.0,0
2021-05-11,12,16.25,53.0,96.95,18.0,13.0,21.0,13.0,17.666666666666668,18.714285714285715,17.642857142857142,22.0,0
2021-05-12,15,16.26,60.82,88.83,12.0,22.0,17.0,20.0,17.333333333333332,17.428571428571427,17.571428571428573,22.0,0
2021-05-13,12,17.82,57.61,97.89,15.0,18.0,23.0,16.0,15.0,17.142857142857142,17.214285714285715,22.0,0
2021-05-14,10,19.55,56.26,97.21,12.0,12.0,17.0,13.0,13.0,15.571428571428571,16.928571428571427,22.0,0
2021-05-15,19,16.46,55.75,90.59,10.0,15.0,13.0,16.0,12.333333333333334,14.571428571428571,16.714285714285715,22.0,0
2021-05-16,22,15.71,56.17,93.58,19.0,12.0,22.0,14.0,13.666666666666666,15.428571428571429,16.928571428571427,17.0,0
2021-05-17,9,17.47,56.43,94.3,22.0,10.0,18.0,24.0,17.0,15.428571428571429,17.5,17.0,0
2021-05-18,17,20.89,56.51,93.82,9.0,19.0,12.0,21.0,16.666666666666668,14.142857142857142,16.428571428571427,14.0,0
2021-05-19,11,17.05,56.28,95.59,17.0,22.0,15.0,17.0,16.0,14.857142857142858,16.142857142857142,14.0,0
2021-05-20,12,20.2,55.48,99.89,11.0,9.0,12.0,23.0,12.333333333333334,14.285714285714286,15.714285714285714,14.0,0
2021-05-21,11,20.46,54.95,98.4,12.0,17.0,10.0,17.0,13.333333333333334,14.285714285714286,14.928571428571429,14.0,0
2021-05-22,10,18.0,54.91,88.73,11.0,11.0,19.0,13.0,11.333333333333334,14.428571428571429,14.5,14.0,0
2021-05-23,13,19.55,54.74,96.38,10.0,12.0,22.0,22.0,11.0,13.142857142857142,14.285714285714286,15.0,0
2021-05-24,10,21.03,56.62,99.12,13.0,11.0,9.0,18.0,11.333333333333334,11.857142857142858,13.642857142857142,15.0,0
2021-05-25,14,18.83,55.7,95.26,10.0,10.0,17.0,12.0,11.0,12.0,13.071428571428571,15.0,0
2021-05-26,12,19.24,50.29,97.99,14.0,13.0,11.0,15.0,12.333333333333334,11.571428571428571,13.214285714285714,15.0,0
2021-05-27,11,18.98,55.57,101.6,12.0,10.0,12.0,12.0,12.0,11.714285714285714,13.0,15.0,0
2021-05-28,9,18.66,54.77,97.56,11.0,14.0,11.0,10.0,12.333333333333334,11.571428571428571,12.928571428571429,15.0,0
2021-05-29,10,19.29,54.33,94.39,9.0,12.0,10.0,19.0,10.666666666666666,11.285714285714286,12.857142857142858,15.0,0
2021-05-30,15,18.79,53.66,97.49,10.0,11.0,13.0,22.0,10.0,11.285714285714286,12.214285714285714,14.0,0
2021-05-31,14,20.49,55.81,93.82,15.0,9.0,10.0,9.0,11.333333333333334,11.571428571428571,11.714285714285714,14.0,0
2021-06-01,8,19.71,55.43,93.26,14.0,10.0,14.0,17.0,13.0,12.142857142857142,12.071428571428571,14.0,0
2021-06-02,12,21.09,52.73,91.69,8.0,15.0,12.0,11.0,12.333333333333334,11.285714285714286,11.428571428571429,14.0,0
2021-06-03,14,19.12,54.38,99.28,12.0,14.0,11.0,12.0,11.333333333333334,11.285714285714286,11.5,13.0,0
2021-06-04,4,21.56,52.19,89.69,14.0,8.0,9.0,11.0,11.333333333333334,11.714285714285714,11.642857142857142,13.0,0
2021-06-05,13,22.33,51.45,99.03,4.0,12.0,10.0,10.0,10.0,11.0,11.142857142857142,13.0,0
2021-06-06,8,19.11,52.46,94.83,13.0,14.0,15.0,13.0,10.333333333333334,11.428571428571429,11.357142857142858,13.0,0
2021-06-07,13,22.11,54.57,87.18,8.0,4.0,14.0,10.0,8.333333333333334,10.428571428571429,11.0,12.0,0
2021-06-08,7,23.3,54.58,94.19,13.0,13.0,8.0,14.0,11.333333333333334,10.285714285714286,11.214285714285714,12.0,0
2021-06-09,3,20.53,53.79,84.26,7.0,8.0,12.0,12.0,9.333333333333334,10.142857142857142,10.714285714285714,12.0,0
2021-06-10,4,24.14,53.98,95.11,3.0,13.0,14.0,11.0,7.666666666666667,8.857142857142858,10.071428571428571,12.0,0
2021-06-11,10,22.79,53.54,96.1,4.0,7.0,4.0,9.0,4.666666666666667,7.428571428571429,9.571428571428571,12.0,0
2021-06-12,11,21.59,51.67,90.14,10.0,3.0,13.0,10.0,5.666666666666667,8.285714285714286,9.642857142857142,12.0,0
2021-06-13,6,22.51,53.15,92.95,11.0,4.0,8.0,15.0,8.333333333333334,8.0,9.714285714285714,12.0,0
2021-06-14,12,23.38,53.57,100.23,6.0,10.0,13.0,14.0,9.0,7.714285714285714,9.071428571428571,9.0,0
2021-06-15,3,22.94,53.37,90.35,12.0,11.0,7.0,8.0,9.666666666666666,7.571428571428571,8.928571428571429,13.0,0
2021-06-16,9,23.63,53.89,88.09,3.0,6.0,3.0,12.0,7.0,7.0,8.571428571428571,13.0,0
2021-06-17,4,22.0,53.04,98.22,9.0,12.0,4.0,14.0,8.0,7.857142857142857,8.357142857142858,13.0,0
2021-06-18,6,23.43,52.37,100.11,4.0,3.0,10.0,4.0,5.333333333333333,7.857142857142857,7.642857142857143,13.0,0
2021-06-19,9,21.65,53.31,92.24,6.0,9.0,11.0,13.0,6.333333333333333,7.285714285714286,7.785714285714286,13.0,0
2021-06-20,5,23.33,51.53,96.24,9.0,4.0,6.0,8.0,6.333333333333333,7.0,7.5,14.0,0
2021-06-21,7,22.49,50.12,97.53,5.0,6.0,12.0,13.0,6.666666666666667,6.857142857142857,7.285714285714286,14.0,0
2021-06-22,13,22.8,51.06,89.17,7.0,9.0,3.0,7.0,7.0,6.142857142857143,6.857142857142857,14.0,0
2021-06-23,6,25.27,50.05,90.17,13.0,5.0,9.0,3.0,8.333333333333334,7.571428571428571,7.285714285714286,14.0,0
2021-06-24,12,25.2,50.02,97.01,6.0,7.0,4.0,4.0,8.666666666666666,7.142857142857143,7.5,14.0,0
2021-06-25,4,24.72,50.68,98.81,12.0,13.0,6.0,10.0,10.333333333333334,8.285714285714286,8.071428571428571,14.0,0
2021-06-26,10,22.76,49.57,94.31,4.0,6.0,9.0,11.0,7.333333333333333,8.0,7.642857142857143,14.0,0
2021-06-27,14,23.78,50.16,88.52,10.0,12.0,5.0,6.0,8.666666666666666,8.142857142857142,7.571428571428571,10.0,0
2021-06-28,0,25.7,47.64,99.97,14.0,4.0,7.0,12.0,9.333333333333334,9.428571428571429,8.142857142857142,10.0,0
2021-06-29,5,24.49,50.66,89.89,0.0,10.0,13.0,3.0,8.0,8.428571428571429,7.285714285714286,12.0,0
2021-06-30,10,27.18,50.21,90.67,5.0,14.0,6.0,9.0,6.333333333333333,7.285714285714286,7.428571428571429,12.0,0
2021-07-01,7,24.94,48.84,93.37,10.0,0.0,12.0,4.0,5.0,7.857142857142857,7.5,12.0,0
2021-07-02,9,24.77,50.92,98.22,7.0,5.0,4.0,6.0,7.333333333333333,7.142857142857143,7.714285714285714,12.0,0
2021-07-03,5,24.23,51.2,95.42,9.0,10.0,10.0,9.0,8.666666666666666,7.857142857142857,7.928571428571429,12.0,0
2021-07-04,8,24.81,47.24,93.66,5.0,7.0,14.0,5.0,7.0,7.142857142857143,7.642857142857143,12.0,0
2021-07-05,7,24.52,48.37,93.86,8.0,9.0,0.0,7.0,7.333333333333333,6.285714285714286,7.857142857142857,12.0,0
2021-07-06,12,25.61,48.23,92.19,7.0,5.0,5.0,13.0,6.666666666666667,7.285714285714286,7.857142857142857,9.0,0
2021-07-07,8,25.95,47.83,94.25,12.0,8.0,10.0,6.0,9.0,8.285714285714286,7.785714285714286,9.0,0
2021-07-08,9,23.9,50.35,81.91,8.0,7.0,7.0,12.0,9.0,8.0,7.928571428571429,16.0,0
2021-07-09,6,23.28,48.68,90.86,9.0,12.0,9.0,4.0,9.666666666666666,8.285714285714286,7.714285714285714,16.0,0
2021-07-10,5,22.7,48.44,93.03,6.0,8.0,5.0,10.0,7.666666666666667,7.857142857142857,7.857142857142857,16.0,0
2021-07-11,6,25.54,45.69,87.48,5.0,9.0,8.0,14.0,6.666666666666667,7.857142857142857,7.5,16.0,0
2021-07-12,9,23.63,49.51,93.65,6.0,6.0,7.0,0.0,5.666666666666667,7.571428571428571,6.928571428571429,16.0,0
2021-07-13,6,22.39,46.57,91.31,9.0,5.0,12.0,5.0,6.666666666666667,7.857142857142857,7.571428571428571,16.0,0
2021-07-14,8,25.45,48.38,99.17,6.0,6.0,8.0,10.0,7.0,7.0,7.642857142857143,16.0,0
2021-07-15,16,27.99,48.57,98.47,8.0,9.0,9.0,7.0,7.666666666666667,7.0,7.5,12.0,0
2021-07-16,11,24.99,50.06,90.34,16.0,6.0,6.0,9.0,10.0,8.0,8.142857142857142,12.0,0
2021-07-17,6,26.01,45.93,91.64,11.0,8.0,5.0,5.0,11.666666666666666,8.714285714285714,8.285714285714286,12.0,0
2021-07-18,12,25.09,43.23,91.98,6.0,16.0,6.0,8.0,11.0,8.857142857142858,8.357142857142858,14.0,0
2021-07-19,6,24.87,47.9,90.5,12.0,11.0,9.0,7.0,9.666666666666666,9.714285714285714,8.642857142857142,14.0,0
2021-07-20,0,26.08,50.2,93.13,6.0,6.0,6.0,12.0,8.0,9.285714285714286,8.571428571428571,14.0,0
2021-07-21,3,24.61,49.22,89.36,0.0,12.0,8.0,8.0,6.0,8.428571428571429,7.714285714285714,14.0,0
2021-07-22,0,25.25,47.55,87.91,3.0,6.0,16.0,9.0,3.0,7.714285714285714,7.357142857142857,14.0,0
2021-07-23,6,25.29,46.37,94.97,0.0,0.0,11.0,6.0,1.0,5.428571428571429,6.714285714285714,14.0,0
2021-07-24,8,24.07,48.19,95.05,6.0,3.0,6.0,5.0,3.0,4.714285714285714,6.714285714285714,14.0,0
2021-07-25,14,26.03,45.39,89.36,8.0,0.0,12.0,6.0,4.666666666666667,5.0,6.928571428571429,11.0,0
2021-07-26,9,24.59,47.44,96.21,14.0,6.0,6.0,9.0,9.333333333333334,5.285714285714286,7.5,13.0,0
2021-07-27,7,23.85,47.36,90.16,9.0,8.0,0.0,6.0,10.333333333333334,5.714285714285714,7.5,13.0,0
2021-07-28,11,25.35,48.07,93.76,7.0,14.0,3.0,8.0,10.0,6.714285714285714,7.571428571428571,13.0,0
2021-07-29,0,23.58,50.49,96.08,11.0,9.0,0.0,16.0,9.0,7.857142857142857,7.785714285714286,13.0,0
2021-07-30,9,24.63,46.82,92.73,0.0,7.0,6.0,11.0,6.0,7.857142857142857,6.642857142857143,17.0,0
2021-07-31,11,24.52,45.35,94.75,9.0,11.0,8.0,6.0,6.666666666666667,8.285714285714286,6.5,17.0,0
2021-08-01,2,25.77,45.95,90.93,11.0,0.0,14.0,12.0,6.666666666666667,8.714285714285714,6.857142857142857,17.0,0
2021-08-02,13,24.97,43.22,92.27,2.0,9.0,9.0,6.0,7.333333333333333,7.0,6.142857142857143,17.0,0
2021-08-03,9,24.29,44.71,92.31,13.0,11.0,7.0,0.0,8.666666666666666,7.571428571428571,6.642857142857143,17.0,0
2021-08-04,6,25.23,45.02,90.22,9.0,2.0,11.0,3.0,8.0,7.857142857142857,7.285714285714286,17.0,0
2021-08-05,11,25.83,44.74,92.57,6.0,13.0,0.0,0.0,9.333333333333334,7.142857142857143,7.5,17.0,0
2021-08-06,17,24.75,45.64,87.16,11.0,9.0,9.0,6.0,8.666666666666666,8.714285714285714,8.285714285714286,12.0,0
2021-08-07,9,24.0,44.06,91.46,17.0,6.0,11.0,8.0,11.333333333333334,9.857142857142858,9.071428571428571,12.0,0
2021-08-08,10,22.31,46.87,92.37,9.0,11.0,2.0,14.0,12.333333333333334,9.571428571428571,9.142857142857142,12.0,0
2021-08-09,7,22.51,45.08,92.56,10.0,17.0,13.0,9.0,12.0,10.714285714285714,8.857142857142858,12.0,0
2021-08-10,5,23.32,44.96,92.71,7.0,9.0,9.0,7.0,8.666666666666666,9.857142857142858,8.714285714285714,14.0,0
2021-08-11,12,22.85,44.37,93.51,5.0,10.0,6.0,11.0,7.333333333333333,9.285714285714286,8.571428571428571,14.0,0
2021-08-12,6,23.24,44.99,95.76,12.0,7.0,11.0,0.0,8.0,10.142857142857142,8.642857142857142,14.0,0
2021-08-13,9,23.42,45.89,97.43,6.0,5.0,17.0,9.0,7.666666666666667,9.428571428571429,9.071428571428571,14.0,0
2021-08-14,7,23.87,43.25,91.43,9.0,12.0,9.0,11.0,9.0,8.285714285714286,9.071428571428571,14.0,0
2021-08-15,11,23.02,43.47,89.3,7.0,6.0,10.0,2.0,7.333333333333333,8.0,8.785714285714286,14.0,0
2021-08-16,11,23.56,43.9,90.04,11.0,9.0,7.0,13.0,9.0,8.142857142857142,9.428571428571429,14.0,0
2021-08-17,14,22.93,42.24,92.36,11.0,7.0,5.0,9.0,9.666666666666666,8.714285714285714,9.285714285714286,14.0,0
2021-08-18,8,20.34,42.93,93.0,14.0,11.0,12.0,6.0,12.0,10.0,9.642857142857142,14.0,0
2021-08-19,9,21.45,43.36,91.42,8.0,11.0,6.0,11.0,11.0,9.428571428571429,9.785714285714286,16.0,0
2021-08-20,6,22.26,45.29,89.42,9.0,14.0,9.0,17.0,10.333333333333334,9.857142857142858,9.642857142857142,16.0,0
2021-08-21,8,20.83,44.28,92.88,6.0,8.0,7.0,9.0,7.666666666666667,9.428571428571429,8.857142857142858,19.0,0
2021-08-22,12,22.86,44.09,95.54,8.0,9.0,11.0,10.0,7.666666666666667,9.571428571428571,8.785714285714286,19.0,0
2021-08-23,14,23.82,44.99,97.3,12.0,6.0,11.0,7.0,8.666666666666666,9.714285714285714,8.928571428571429,19.0,0
2021-08-24,7,23.29,43.42,92.79,14.0,8.0,14.0,5.0,11.333333333333334,10.142857142857142,9.428571428571429,19.0,0
2021-08-25,14,21.41,44.13,93.48,7.0,12.0,8.0,12.0,11.0,9.142857142857142,9.571428571428571,19.0,0
2021-08-26,16,23.29,43.31,91.54,14.0,14.0,9.0,6.0,11.666666666666666,10.0,9.714285714285714,19.0,0
2021-08-27,13,21.51,43.79,95.23,16.0,7.0,6.0,9.0,12.333333333333334,11.0,10.428571428571429,19.0,0
2021-08-28,19,20.76,42.44,92.07,13.0,14.0,8.0,7.0,14.333333333333334,12.0,10.714285714285714,18.0,0
2021-08-29,8,20.25,39.58,97.87,19.0,16.0,12.0,11.0,16.0,13.571428571428571,11.571428571428571,18.0,0
2021-08-30,7,20.45,42.96,88.55,8.0,13.0,14.0,11.0,13.333333333333334,13.0,11.357142857142858,23.0,0
2021-08-31,5,20.16,45.23,94.37,7.0,19.0,7.0,14.0,11.333333333333334,12.0,11.071428571428571,23.0,0
2021-09-01,18,20.65,44.42,97.14,5.0,8.0,14.0,8.0,6.666666666666667,11.714285714285714,10.428571428571429,23.0,0
2021-09-02,15,20.45,44.41,96.79,18.0,7.0,16.0,9.0,10.0,12.285714285714286,11.142857142857142,23.0,0
2021-09-03,15,20.07,44.75,106.94,15.0,5.0,13.0,6.0,12.666666666666666,12.142857142857142,11.571428571428571,23.0,0
2021-09-04,14,20.4,42.97,97.69,15.0,18.0,19.0,8.0,16.0,12.428571428571429,12.214285714285714,23.0,0
2021-09-05,8,21.11,43.07,92.4,14.0,15.0,8.0,12.0,14.666666666666666,11.714285714285714,12.642857142857142,23.0,0
2021-09-06,23,20.62,41.79,96.16,8.0,15.0,7.0,14.0,12.333333333333334,11.714285714285714,12.357142857142858,17.0,0
2021-09-07,14,17.5,42.19,89.56,23.0,14.0,5.0,7.0,15.0,14.0,13.0,25.0,0
2021-09-08,14,16.01,43.53,96.47,14.0,8.0,18.0,14.0,15.0,15.285714285714286,13.5,25.0,0
2021-09-09,17,19.99,44.36,93.58,14.0,23.0,15.0,16.0,17.0,14.714285714285714,13.5,25.0,0
2021-09-10,16,17.02,42.3,100.7,17.0,14.0,15.0,13.0,15.0,15.0,13.571428571428571,25.0,0
2021-09-11,15,18.18,41.78,94.97,16.0,14.0,14.0,19.0,15.666666666666666,15.142857142857142,13.785714285714286,25.0,0
2021-09-12,11,16.83,42.41,96.83,15.0,17.0,8.0,8.0,16.0,15.285714285714286,13.5,25.0,0
2021-09-13,16,15.85,43.27,94.89,11.0,16.0,23.0,7.0,14.0,15.714285714285714,13.714285714285714,25.0,0
2021-09-14,25,18.45,40.16,104.52,16.0,15.0,14.0,5.0,14.0,14.714285714285714,14.357142857142858,24.0,0
2021-09-15,20,18.49,38.85,96.41,25.0,11.0,14.0,18.0,17.333333333333332,16.285714285714285,15.785714285714286,24.0,0
2021-09-16,24,16.66,41.43,105.15,20.0,16.0,17.0,15.0,20.333333333333332,17.142857142857142,15.928571428571429,23.0,0
2021-09-17,13,14.02,40.39,101.21,24.0,25.0,16.0,15.0,23.0,18.142857142857142,16.571428571428573,23.0,0
2021-09-18,12,16.24,41.43,100.02,13.0,20.0,15.0,14.0,19.0,17.714285714285715,16.428571428571427,23.0,0
2021-09-19,15,17.14,41.94,99.7,12.0,24.0,11.0,8.0,16.333333333333332,17.285714285714285,16.285714285714285,23.0,0
2021-09-20,16,14.66,41.46,99.93,15.0,13.0,16.0,23.0,13.333333333333334,17.857142857142858,16.785714285714285,23.0,0
2021-09-21,21,16.42,44.29,90.78,16.0,12.0,25.0,14.0,14.333333333333334,17.857142857142858,16.285714285714285,24.0,0
2021-09-22,10,15.94,42.58,97.51,21.0,15.0,20.0,14.0,17.333333333333332,17.285714285714285,16.785714285714285,24.0,0
2021-09-23,23,16.42,42.52,102.15,10.0,16.0,24.0,17.0,15.666666666666666,15.857142857142858,16.5,24.0,0
2021-09-24,16,15.63,42.99,98.71,23.0,21.0,13.0,16.0,18.0,15.714285714285714,16.928571428571427,24.0,0
2021-09-25,16,14.08,40.33,93.42,16.0,10.0,12.0,15.0,16.333333333333332,16.142857142857142,16.928571428571427,24.0,0
2021-09-26,14,16.44,43.59,98.97,16.0,23.0,15.0,11.0,18.333333333333332,16.714285714285715,17.0,26.0,0
2021-09-27,14,14.57,41.9,106.13,14.0,16.0,16.0,16.0,15.333333333333334,16.571428571428573,17.214285714285715,26.0,0
2021-09-28,24,14.48,43.01,104.44,14.0,16.0,21.0,25.0,14.666666666666666,16.285714285714285,17.071428571428573,26.0,0
2021-09-29,19,13.15,40.4,99.34,24.0,14.0,10.0,20.0,17.333333333333332,16.714285714285715,17.0,26.0,0
2021-09-30,13,13.49,39.67,103.53,19.0,14.0,23.0,24.0,19.0,18.0,16.928571428571427,26.0,0
2021-10-01,14,12.71,43.23,98.4,13.0,24.0,16.0,13.0,18.666666666666668,16.571428571428573,16.142857142857142,26.0,0
2021-10-02,18,13.31,42.57,93.18,14.0,19.0,16.0,12.0,15.333333333333334,16.285714285714285,16.214285714285715,26.0,0
2021-10-03,26,15.32,40.65,96.44,18.0,13.0,14.0,15.0,15.0,16.571428571428573,16.642857142857142,23.0,0
2021-10-04,21,11.37,40.71,106.53,26.0,14.0,14.0,16.0,19.333333333333332,18.285714285714285,17.428571428571427,24.0,0
2021-10-05,14,10.82,43.71,99.32,21.0,18.0,24.0,21.0,21.666666666666668,19.285714285714285,17.785714285714285,29.0,0
2021-10-06,19,14.27,40.25,99.58,14.0,26.0,19.0,10.0,20.333333333333332,17.857142857142858,17.285714285714285,29.0,0
2021-10-07,19,12.0,44.51,99.49,19.0,21.0,13.0,23.0,18.0,17.857142857142858,17.928571428571427,29.0,0
2021-10-08,12,11.19,40.71,108.44,19.0,14.0,14.0,16.0,17.333333333333332,18.714285714285715,17.642857142857142,29.0,0
2021-10-09,23,12.99,43.04,107.47,12.0,19.0,18.0,16.0,16.666666666666668,18.428571428571427,17.357142857142858,33.0,0
2021-10-10,23,10.76,41.61,109.97,23.0,19.0,26.0,14.0,18.0,19.142857142857142,17.857142857142858,33.0,0
2021-10-11,24,13.42,43.03,100.6,23.0,12.0,21.0,14.0,19.333333333333332,18.714285714285715,18.5,33.0,0
2021-10-12,29,11.78,41.33,102.55,24.0,23.0,14.0,24.0,23.333333333333332,19.142857142857142,19.214285714285715,33.0,0
2021-10-13,26,10.12,41.93,95.44,29.0,23.0,19.0,19.0,25.333333333333332,21.285714285714285,19.571428571428573,33.0,0
2021-10-14,24,13.04,42.27,107.55,26.0,24.0,19.0,13.0,26.333333333333332,22.285714285714285,20.071428571428573,33.0,0
2021-10-15,18,9.47,40.74,97.1,24.0,29.0,12.0,14.0,26.333333333333332,23.0,20.857142857142858,33.0,0
2021-10-16,33,10.83,43.39,102.78,18.0,26.0,23.0,18.0,22.666666666666668,23.857142857142858,21.142857142857142,25.0,0
2021-10-17,23,10.04,41.54,97.65,33.0,24.0,23.0,26.0,25.0,25.285714285714285,22.214285714285715,25.0,0
2021-10-18,23,10.98,42.01,99.82,23.0,18.0,24.0,21.0,24.666666666666668,25.285714285714285,22.0,25.0,0
2021-10-19,23,11.04,40.9,98.96,23.0,33.0,29.0,14.0,26.333333333333332,25.142857142857142,22.142857142857142,25.0,0
2021-10-20,25,8.94,38.59,100.01,23.0,23.0,26.0,19.0,23.0,24.285714285714285,22.785714285714285,26.0,0
2021-10-21,23,7.74,42.19,100.41,25.0,23.0,24.0,19.0,23.666666666666668,24.142857142857142,23.214285714285715,26.0,0
2021-10-22,22,8.94,46.15,100.51,23.0,23.0,18.0,12.0,23.666666666666668,24.0,23.5,32.0,0
2021-10-23,25,7.32,43.76,106.16,22.0,25.0,33.0,23.0,23.333333333333332,24.571428571428573,24.214285714285715,32.0,0
2021-10-24,25,10.29,42.6,98.54,25.0,23.0,23.0,23.0,23.333333333333332,23.428571428571427,24.357142857142858,34.0,0
2021-10-25,23,7.79,42.29,103.97,25.0,22.0,23.0,24.0,24.0,23.714285714285715,24.5,34.0,0
2021-10-26,25,6.93,42.78,108.08,23.0,25.0,23.0,29.0,24.333333333333332,23.714285714285715,24.428571428571427,34.0,0
2021-10-27,26,7.33,43.62,101.28,25.0,25.0,25.0,26.0,24.333333333333332,24.0,24.142857142857142,34.0,0
2021-10-28,25,5.24,41.09,100.59,26.0,23.0,23.0,24.0,24.666666666666668,24.142857142857142,24.142857142857142,34.0,0
2021-10-29,32,5.44,44.6,102.66,25.0,25.0,22.0,18.0,25.333333333333332,24.428571428571427,24.214285714285715,34.0,0
2021-10-30,18,7.8,44.07,108.43,32.0,26.0,25.0,33.0,27.666666666666668,25.857142857142858,25.214285714285715,34.0,0
2021-10-31,34,5.32,44.14,104.61,18.0,25.0,25.0,23.0,25.0,24.857142857142858,24.142857142857142,32.0,0
2021-11-01,32,4.6,43.79,101.83,34.0,32.0,23.0,23.0,28.0,26.142857142857142,24.928571428571427,36.0,1
2021-11-02,21,6.25,43.23,106.0,32.0,18.0,25.0,23.0,28.0,27.428571428571427,25.571428571428573,36.0,1
2021-11-03,26,6.79,44.28,99.78,21.0,34.0,26.0,25.0,29.0,26.857142857142858,25.428571428571427,37.0,1
2021-11-04,29,5.98,44.24,107.03,26.0,32.0,25.0,23.0,26.333333333333332,26.857142857142858,25.5,37.0,1
2021-11-05,25,6.07,42.9,106.05,29.0,21.0,32.0,22.0,25.333333333333332,27.428571428571427,25.928571428571427,37.0,1
2021-11-06,25,3.73,42.65,103.3,25.0,26.0,18.0,25.0,26.666666666666668,26.428571428571427,26.142857142857142,37.0,1
2021-11-07,24,2.69,43.74,101.29,25.0,29.0,34.0,25.0,26.333333333333332,27.428571428571427,26.142857142857142,37.0,1
2021-11-08,36,5.96,46.0,101.21,24.0,25.0,32.0,23.0,24.666666666666668,26.0,26.071428571428573,37.0,1
2021-11-09,35,3.53,41.9,107.01,36.0,25.0,21.0,25.0,28.333333333333332,26.571428571428573,27.0,37.0,1
2021-11-10,37,3.38,41.64,109.89,35.0,24.0,26.0,26.0,31.666666666666668,28.571428571428573,27.714285714285715,33.0,0
2021-11-11,32,5.04,44.18,102.53,37.0,36.0,29.0,25.0,36.0,30.142857142857142,28.5,33.0,0
2021-11-12,28,3.89,44.1,107.02,32.0,35.0,25.0,32.0,34.666666666666664,30.571428571428573,29.0,37.0,1
2021-11-13,28,3.54,44.38,96.94,28.0,37.0,25.0,18.0,32.333333333333336,31.0,28.714285714285715,37.0,1
2021-11-14,32,5.36,44.58,103.06,28.0,32.0,24.0,34.0,29.333333333333332,31.428571428571427,29.428571428571427,37.0,1
2021-11-15,28,1.77,43.97,105.37,32.0,28.0,36.0,32.0,29.333333333333332,32.57142857142857,29.285714285714285,37.0,1
2021-11-16,33,3.43,46.64,101.96,28.0,28.0,35.0,21.0,29.333333333333332,31.428571428571427,29.0,37.0,1
2021-11-17,30,2.16,42.1,101.95,33.0,32.0,37.0,26.0,31.0,31.142857142857142,29.857142857142858,37.0,1
2021-11-18,29,2.2,43.36,103.12,30.0,28.0,32.0,29.0,30.333333333333332,30.142857142857142,30.142857142857142,37.0,1
2021-11-19,37,3.49,44.55,107.05,29.0,33.0,28.0,25.0,30.666666666666668,29.714285714285715,30.142857142857142,37.0,1
2021-11-20,36,2.06,42.35,105.23,37.0,30.0,28.0,25.0,32.0,31.0,31.0,37.0,1
2021-11-21,30,1.88,44.65,97.11,36.0,29.0,32.0,24.0,34.0,32.142857142857146,31.785714285714285,37.0,1
2021-11-22,36,2.31,47.52,97.67,30.0,37.0,28.0,36.0,34.333333333333336,31.857142857142858,32.214285714285715,39.0,1
2021-11-23,28,0.38,45.16,103.81,36.0,36.0,33.0,35.0,34.0,33.0,32.214285714285715,39.0,1
2021-11-24,37,-0.39,45.59,108.16,28.0,30.0,30.0,37.0,31.333333333333332,32.285714285714285,31.714285714285715,39.0,1
2021-11-25,35,-0.84,43.46,95.42,37.0,36.0,29.0,32.0,33.666666666666664,33.285714285714285,31.714285714285715,39.0,1
2021-11-26,34,-2.14,44.54,104.49,35.0,28.0,37.0,28.0,33.333333333333336,34.142857142857146,31.928571428571427,39.0,1
2021-11-27,37,2.49,45.02,104.47,34.0,37.0,36.0,28.0,35.333333333333336,33.714285714285715,32.357142857142854,39.0,1
2021-11-28,31,-1.49,45.22,112.2,37.0,35.0,30.0,32.0,35.333333333333336,33.857142857142854,33.0,39.0,1
2021-11-29,39,-0.62,47.74,105.18,31.0,34.0,36.0,28.0,34.0,34.0,32.92857142857143,39.0,1
2021-11-30,35,-0.87,46.77,108.33,39.0,37.0,28.0,33.0,35.666666666666664,34.42857142857143,33.714285714285715,39.0,1
2021-12-01,34,-0.35,44.38,107.44,35.0,31.0,37.0,30.0,35.0,35.42857142857143,33.857142857142854,44.0,1
2021-12-02,38,0.08,46.54,98.42,34.0,39.0,35.0,29.0,36.0,35.0,34.142857142857146,44.0,1
2021-12-03,34,-0.04,47.04,110.08,38.0,35.0,34.0,37.0,35.666666666666664,35.42857142857143,34.785714285714285,44.0,1
2021-12-04,31,-1.95,48.12,107.93,34.0,34.0,37.0,36.0,35.333333333333336,35.42857142857143,34.57142857142857,44.0,1
2021-12-05,31,-1.62,48.91,109.17,31.0,38.0,31.0,30.0,34.333333333333336,34.57142857142857,34.214285714285715,44.0,1
2021-12-06,39,-1.24,45.14,122.9,31.0,34.0,39.0,36.0,32.0,34.57142857142857,34.285714285714285,44.0,1
2021-12-07,30,-2.04,45.57,98.92,39.0,31.0,35.0,28.0,33.666666666666664,34.57142857142857,34.5,44.0,1
2021-12-08,44,0.03,45.03,114.21,30.0,31.0,34.0,37.0,33.333333333333336,33.857142857142854,34.642857142857146,44.0,1
2021-12-09,29,-1.47,46.69,106.22,44.0,39.0,38.0,35.0,37.666666666666664,35.285714285714285,35.142857142857146,44.0,1
2021-12-10,44,-1.33,47.87,108.57,29.0,30.0,34.0,34.0,34.333333333333336,34.0,34.714285714285715,43.0,1
2021-12-11,39,-1.56,48.78,107.29,44.0,44.0,31.0,37.0,39.0,35.42857142857143,35.42857142857143,43.0,1
2021-12-12,38,-1.1,47.32,105.82,39.0,29.0,31.0,31.0,37.333333333333336,36.57142857142857,35.57142857142857,43.0,1
2021-12-13,36,-2.43,47.08,105.29,38.0,44.0,39.0,39.0,40.333333333333336,37.57142857142857,36.07142857142857,43.0,1
2021-12-14,40,-4.34,47.92,108.93,36.0,39.0,30.0,35.0,37.666666666666664,37.142857142857146,35.857142857142854,43.0,1
2021-12-15,36,-2.43,46.57,101.58,40.0,38.0,44.0,34.0,38.0,38.57142857142857,36.214285714285715,43.0,1
2021-12-16,43,-3.83,51.09,110.69,36.0,36.0,29.0,38.0,37.333333333333336,37.42857142857143,36.357142857142854,40.0,1
2021-12-17,39,-3.8,45.68,106.06,43.0,40.0,44.0,34.0,39.666666666666664,39.42857142857143,36.714285714285715,42.0,1
2021-12-18,37,-2.59,48.5,103.24,39.0,36.0,39.0,31.0,39.333333333333336,38.714285714285715,37.07142857142857,42.0,1
2021-12-19,37,-1.92,51.39,105.99,37.0,43.0,38.0,31.0,39.666666666666664,38.42857142857143,37.5,42.0,1
2021-12-20,39,-3.5,48.5,112.85,37.0,39.0,36.0,39.0,37.666666666666664,38.285714285714285,37.92857142857143,42.0,1
2021-12-21,40,-3.26,48.34,105.71,39.0,37.0,40.0,30.0,37.666666666666664,38.714285714285715,37.92857142857143,42.0,1
2021-12-22,32,-1.7,48.23,109.31,40.0,37.0,36.0,44.0,38.666666666666664,38.714285714285715,38.642857142857146,42.0,1
2021-12-23,34,-3.55,48.63,104.97,32.0,39.0,43.0,29.0,37.0,38.142857142857146,37.785714285714285,42.0,1
2021-12-24,42,-0.82,51.1,110.95,34.0,40.0,39.0,44.0,35.333333333333336,36.857142857142854,38.142857142857146,41.0,1
2021-12-25,40,-3.35,45.86,110.68,42.0,32.0,37.0,39.0,36.0,37.285714285714285,38.0,41.0,1
2021-12-26,39,-6.23,51.61,115.35,40.0,34.0,37.0,38.0,38.666666666666664,37.714285714285715,38.07142857142857,41.0,1
2021-12-27,40,-3.3,47.31,107.27,39.0,42.0,39.0,36.0,40.333333333333336,38.0,38.142857142857146,41.0,1
2021-12-28,41,-3.83,49.19,110.65,40.0,40.0,40.0,40.0,39.666666666666664,38.142857142857146,38.42857142857143,38.0,1
2021-12-29,38,-2.81,49.08,108.38,41.0,39.0,32.0,36.0,40.0,38.285714285714285,38.5,37.0,1
